{"type":"FeatureCollection","features":[
{"type":"Feature","geometry":{"type":"MultiPolygon","coordinates":[[[[-95.3955388,29.7117937],[-95.3952245,29.7116065],[-95.3941778,29.7129297],[-95.394288,29.7129961],[-95.3944932,29.7131177],[-95.3953684,29.7120124],[-95.3955388,29.7117937]]]]},"properties":{"addr:city":"Houston","addr:housenumber":"1406","addr:postcode":"77030","addr:state":"TX","addr:street":"Cambridge Street","amenity":"parking","building":"parking","building:levels":"6","fee":"yes","maxstay":"1 day","name":"Texas Medical Center Garage 4","operator":"Texas Medical Center","parking":"multi-storey","roof:shape":"flat"}},
{"type":"Feature","geometry":{"type":"MultiPolygon","coordinates":[[[[-95.4005912,29.7202243],[-95.4004256,29.7198921],[-95.4000692,29.7200403],[-95.400162,29.7202204],[-95.4002401,29.7203614],[-95.4002775,29.7203478],[-95.4005912,29.7202243]]]]},"properties":{"building":"university","name":"Maxfield Hall","owner":"Rice University"}},
{"type":"Feature","geometry":{"type":"MultiPolygon","coordinates":[[[[-95.4020175,29.720277],[-95.4018324,29.7199252],[-95.4017391,29.7199637],[-95.4016178,29.7200137],[-95.4018002,29.7203585],[-95.4020175,29.720277]]]]},"properties":{"building":"university","layer":"1","name":"Hamman Hall","owner":"Rice University","roof:shape":"flat"}},
{"type":"Feature","geometry":{"type":"MultiPolygon","coordinates":[[[[-95.4011176,29.7199482],[-95.4010264,29.7197642],[-95.400608,29.7199226],[-95.4007046,29.7201066],[-95.4011176,29.7199482]]]]},"properties":{"building":"university","name":"Herman Brown Hall","official_name":"Herman Brown Hall for Mathematical Sciences","roof:shape":"flat"}},
{"type":"Feature","geometry":{"type":"MultiPolygon","coordinates":[[[[-95.4030064,29.7167211],[-95.402847,29.7164211],[-95.4027825,29.7162998],[-95.4026491,29.7163548],[-95.4026191,29.7163672],[-95.4025708,29.7163696],[-95.4025245,29.7163824],[-95.4024877,29.7164045],[-95.4024662,29.7164301],[-95.4024509,29.7164359],[-95.4023032,29.7164921],[-95.4025253,29.7169098],[-95.4030064,29.7167211]]]]},"properties":{"building":"university","name":"James Baker Hall","official_name":"James A. Baker III Hall","owner":"Rice University"}},
{"type":"Feature","geometry":{"type":"MultiPolygon","coordinates":[[[[-95.4015654,29.7211764],[-95.4014938,29.7210385],[-95.401434,29.7209233],[-95.4011449,29.7210365],[-95.4010649,29.7210678],[-95.4011038,29.7211427],[-95.4010309,29.7211712],[-95.401098,29.7213004],[-95.4011412,29.7212835],[-95.4011666,29.7213326],[-95.4015654,29.7211764]]]]},"properties":{"alt_name":"OEDK","building":"university","building:levels":"1","email":"oedk@rice.edu","name":"Oshman Engineering Design Kitchen","phone":"+1 713-348-6335","roof:levels":"0","website":"https://oedk.rice.edu/"}},
{"type":"Feature","geometry":{"type":"MultiPolygon","coordinates":[[[[-95.40196,29.7133397],[-95.4015203,29.713077],[-95.4014757,29.7131382],[-95.401598,29.7132118],[-95.4015402,29.7132818],[-95.4017385,29.7134014],[-95.4017894,29.713327],[-95.4019135,29.7134017],[-95.40196,29.7133397]]]]},"properties":{"building":"grandstand","ele":"15","gnis:feature_id":"2027468","roof:shape":"flat"}},
{"type":"Feature","geometry":{"type":"MultiPolygon","coordinates":[[[[-95.4029557,29.7184247],[-95.4029165,29.7183515],[-95.4025163,29.7185124],[-95.4024876,29.7184635],[-95.4023834,29.7185052],[-95.4024063,29.7185497],[-95.4023742,29.7185613],[-95.40235,29.7185194],[-95.4021997,29.7185788],[-95.4022295,29.7186333],[-95.4017224,29.7188246],[-95.4017599,29.7189014],[-95.401814,29.7188819],[-95.4018565,29.7188665],[-95.4018967,29.718948],[-95.4022837,29.7187939],[-95.4022995,29.7187875],[-95.4028996,29.7185516],[-95.4029106,29.7185473],[-95.4028685,29.7184611],[-95.4029557,29.7184247]]]]},"properties":{"building":"university","layer":"1","name":"M.D. Anderson Biology Laboratories","owner":"Rice University","roof:shape":"flat"}},
{"type":"Feature","geometry":{"type":"MultiPolygon","coordinates":[[[[-95.4047073,29.7150583],[-95.4045491,29.7147298],[-95.4045019,29.7147487],[-95.4043002,29.7148297],[-95.4042863,29.7148008],[-95.4042816,29.7147911],[-95.4042661,29.7147598],[-95.4041052,29.7148245],[-95.404093,29.7148299],[-95.4040545,29.7147648],[-95.4039825,29.7147932],[-95.4039697,29.7147695],[-95.4036342,29.7148967],[-95.4035891,29.7148136],[-95.4038388,29.714717],[-95.4037648,29.7145778],[-95.4037395,29.7145847],[-95.4036237,29.7143726],[-95.4034114,29.7144554],[-95.4034432,29.7145119],[-95.4031164,29.7146372],[-95.4030849,29.7145786],[-95.4028678,29.7146641],[-95.4029787,29.7148785],[-95.4029519,29.7148868],[-95.4030271,29.7150331],[-95.4032786,29.7149328],[-95.4033801,29.7151394],[-95.403435,29.7151175],[-95.4034404,29.7151276],[-95.4034602,29.7151645],[-95.403652,29.7155232],[-95.4036618,29.7155197],[-95.4037445,29.7154866],[-95.403757,29.7155106],[-95.4037743,29.7155439],[-95.4039689,29.7154674],[-95.4041827,29.7153833],[-95.4042652,29.7153511],[-95.4042461,29.7153149],[-95.4042366,29.7152967],[-95.4043644,29.7152461],[-95.4044891,29.7151968],[-95.4044667,29.7151502],[-95.4045034,29.7151362],[-95.4045534,29.7151171],[-95.4046759,29.7150703],[-95.4047073,29.7150583]]]]},"properties":{"building":"university","name":"Tudor Fieldhouse and Youngkin Center","owner":"Rice University","roof:shape":"flat","wikipedia":"en:Tudor Fieldhouse"}},
{"type":"Feature","geometry":{"type":"MultiPolygon","coordinates":[[[[-95.401692,29.716943],[-95.4016356,29.7168452],[-95.4014854,29.7169034],[-95.4014196,29.7167755],[-95.4006278,29.717089],[-95.4006901,29.7172081],[-95.400667,29.7172173],[-95.4007208,29.7173175],[-95.4009704,29.7172225],[-95.4009164,29.7171181],[-95.4012604,29.716986],[-95.4012816,29.7169779],[-95.401337,29.7170794],[-95.401692,29.716943]]]]},"properties":{"building":"university","name":"Herring Hall","official_name":"Robert R. Herring Hall","owner":"Rice University","wikidata":"Q107317795"}},
{"type":"Feature","geometry":{"type":"MultiPolygon","coordinates":[[[[-95.4043882,29.717101],[-95.4043216,29.7169657],[-95.4035957,29.7172524],[-95.4036547,29.7173688],[-95.4032819,29.7175179],[-95.4032068,29.7173665],[-95.4033188,29.7173229],[-95.4032307,29.7171532],[-95.4029893,29.717249],[-95.4027669,29.7173385],[-95.4030186,29.7178266],[-95.4031512,29.717773],[-95.4031654,29.7177992],[-95.4033538,29.7177244],[-95.40334,29.7176986],[-95.4037347,29.7175432],[-95.4037436,29.7175597],[-95.4039441,29.7174797],[-95.4039357,29.717464],[-95.4041751,29.7173698],[-95.4040938,29.7172169],[-95.4042761,29.7171468],[-95.4043882,29.717101]]]]},"properties":{"building":"university","name":"McNair Hall","official_name":"Janice and Robert McNair Hall","owner":"Rice University","roof:colour":"Terracotta","wikimedia_commons":"File:McNairHall 1.jpg"}},
{"type":"Feature","geometry":{"type":"MultiPolygon","coordinates":[[[[-95.3982373,29.7119892],[-95.3977498,29.711697],[-95.396709,29.713005],[-95.3965167,29.7132489],[-95.3965963,29.7132971],[-95.3970088,29.7135472],[-95.3972226,29.7132721],[-95.3975235,29.7128855],[-95.3978262,29.7130678],[-95.3979698,29.7128878],[-95.397667,29.7127056],[-95.3982373,29.7119892]]]]},"properties":{"building":"college","name":"UTHealth Medical School Building"}},
{"type":"Feature","geometry":{"type":"MultiPolygon","coordinates":[[[[-95.3979558,29.7149185],[-95.3979099,29.7148909],[-95.3979398,29.7148534],[-95.3977193,29.7147209],[-95.3974028,29.7145308],[-95.3973777,29.7145622],[-95.3973392,29.7145391],[-95.397333,29.7145475],[-95.3973079,29.7145788],[-95.3973036,29.7145843],[-95.3972906,29.7146004],[-95.397258,29.7146409],[-95.3970751,29.7148704],[-95.3969884,29.7149774],[-95.3969145,29.7150686],[-95.3975393,29.7154443],[-95.3976088,29.715354],[-95.3976965,29.7152438],[-95.3978065,29.7151058],[-95.3978768,29.7150176],[-95.3979236,29.714959],[-95.3979558,29.7149185]]]]},"properties":{"amenity":"parking","building":"parking","height":"38","parking":"multi-storey"}},
{"type":"Feature","geometry":{"type":"MultiPolygon","coordinates":[[[[-95.3992357,29.7133154],[-95.3986132,29.7129404],[-95.3985515,29.7130193],[-95.3982709,29.7133782],[-95.3982247,29.7134373],[-95.3988459,29.7138111],[-95.3988915,29.7137531],[-95.3991842,29.7133809],[-95.3992357,29.7133154]]]]},"properties":{"addr:city":"Houston","addr:housenumber":"6436","addr:postcode":"77030","addr:state":"TX","addr:street":"Fannin Street","building":"college","height":"44","name":"Prairie View A&M University College of Nursing"}},
{"type":"Feature","geometry":{"type":"MultiPolygon","coordinates":[[[[-95.4009495,29.7207988],[-95.4007458,29.7203937],[-95.4003749,29.7205344],[-95.4003619,29.7205393],[-95.4003423,29.7205467],[-95.4003186,29.7205557],[-95.4003292,29.7205768],[-95.400431,29.7207793],[-95.4005238,29.7209639],[-95.400637,29.720921],[-95.4006236,29.7208943],[-95.4008188,29.7208203],[-95.4008307,29.7208438],[-95.4009495,29.7207988]]]]},"properties":{"building":"university","layer":"1","name":"Ryon Engineering Laboratory","owner":"Rice University"}},
{"type":"Feature","geometry":{"type":"MultiPolygon","coordinates":[[[[-95.3987914,29.7138762],[-95.3981638,29.7134865],[-95.3981031,29.7135636],[-95.3979831,29.7137159],[-95.3977046,29.7140695],[-95.3983336,29.7144512],[-95.3985202,29.7142169],[-95.3987436,29.7139363],[-95.3987914,29.7138762]]]]},"properties":{"access":"customers","amenity":"parking","building":"parking","height":"21","parking":"multi-storey"}},
{"type":"Feature","geometry":{"type":"MultiPolygon","coordinates":[[[[-95.4002106,29.7189692],[-95.4001342,29.7188207],[-95.3999438,29.7188946],[-95.3998499,29.718712],[-95.3998308,29.7186748],[-95.3997605,29.7187022],[-95.3992924,29.7188849],[-95.3992214,29.7189126],[-95.3993016,29.7190686],[-95.3994023,29.7190296],[-95.3996701,29.7189257],[-95.3997787,29.7191368],[-95.4002106,29.7189692]]]]},"properties":{"building":"university","name":"M.D. Anderson Hall","owner":"Rice University"}},
{"type":"Feature","geometry":{"type":"MultiPolygon","coordinates":[[[[-95.3997139,29.7212468],[-95.3996281,29.7210779],[-95.3995506,29.7209254],[-95.3995512,29.7208766],[-95.3993905,29.7205692],[-95.3993717,29.7205318],[-95.3992048,29.7202033],[-95.3990241,29.7202726],[-95.3990684,29.7203598],[-95.3988205,29.7204548],[-95.3988343,29.720482],[-95.3987957,29.7204968],[-95.3992643,29.7214191],[-95.3997139,29.7212468]]]]},"properties":{"building":"university","layer":"1","name":"Abercrombie Engineering Laboratory","owner":"Rice University"}},
{"type":"Feature","geometry":{"type":"MultiPolygon","coordinates":[[[[-95.3980812,29.719357],[-95.398033,29.7192639],[-95.3978944,29.7190029],[-95.3977587,29.7187474],[-95.3977108,29.7186528],[-95.3976924,29.7186601],[-95.3975815,29.718704],[-95.3977006,29.7189468],[-95.3977597,29.7190563],[-95.3978259,29.7191871],[-95.3979437,29.7194084],[-95.3980246,29.7193789],[-95.3980812,29.719357]]]]},"properties":{"building":"university","layer":"1","name":"Lovett Hall","owner":"Rice University","roof:shape":"hipped"}},
{"type":"Feature","geometry":{"type":"MultiPolygon","coordinates":[[[[-95.4018233,29.7193723],[-95.4016271,29.7190058],[-95.4016804,29.7189843],[-95.401621,29.7188732],[-95.4016165,29.7188649],[-95.4015399,29.7188958],[-95.4014844,29.718792],[-95.4014534,29.7188045],[-95.4014375,29.7187748],[-95.4013676,29.718803],[-95.4013854,29.7188362],[-95.4013559,29.7188481],[-95.4014085,29.7189463],[-95.4012566,29.7190076],[-95.4010712,29.7190824],[-95.4009988,29.7189472],[-95.400851,29.7190069],[-95.4009208,29.7191372],[-95.4008535,29.7191643],[-95.4008608,29.719178],[-95.4009245,29.719297],[-95.4009603,29.7192825],[-95.401061,29.7194707],[-95.401151,29.7196388],[-95.4011787,29.7196276],[-95.4012079,29.7196823],[-95.4013564,29.7196223],[-95.40133,29.719573],[-95.4013524,29.7195639],[-95.401185,29.7192511],[-95.4013464,29.7191859],[-95.4014597,29.7191402],[-95.4016307,29.7194598],[-95.4016598,29.7194481],[-95.4016827,29.7194909],[-95.4018233,29.7194342],[-95.401796,29.7193833],[-95.4018233,29.7193723]]]]},"properties":{"building":"university","layer":"1","name":"George R. Brown Hall","owner":"Rice University"}},
{"type":"Feature","geometry":{"type":"MultiPolygon","coordinates":[[[[-95.3993344,29.7200714],[-95.3992165,29.71985],[-95.3992006,29.7198201],[-95.3990971,29.7198617],[-95.3990457,29.7197652],[-95.3987392,29.7198884],[-95.3987875,29.7199792],[-95.3985917,29.7200579],[-95.3985435,29.7199674],[-95.3983034,29.7200638],[-95.3983205,29.7200959],[-95.398351,29.7201531],[-95.3981909,29.7202174],[-95.3983278,29.7204744],[-95.3984272,29.7204344],[-95.39848,29.7205335],[-95.3987797,29.7204131],[-95.3987276,29.7203152],[-95.3992672,29.7200984],[-95.3993344,29.7200714]]]]},"properties":{"building":"university","name":"Duncan Hall","official_name":"Anne and Charles Duncan Hall","owner":"Rice University"}},
{"type":"Feature","geometry":{"type":"MultiPolygon","coordinates":[[[[-95.4006227,29.7183361],[-95.4005218,29.718146],[-95.4004409,29.7179903],[-95.4003073,29.7177331],[-95.4002624,29.7176478],[-95.4000441,29.7177377],[-95.4000905,29.7178252],[-95.3996872,29.7179797],[-95.3996343,29.718003],[-95.3997617,29.7182603],[-95.3997912,29.7183198],[-95.3998421,29.7183012],[-95.399987,29.718576],[-95.4000625,29.7185475],[-95.4006227,29.7183361]]]]},"properties":{"alt_name":"Fondy","amenity":"library","building":"university","building:levels":"6","loc_name":"Fonde","name":"Fondren Library","owner":"Rice University","phone":"+1 713-348-5698","ref:isil":"US-txhr","roof:shape":"flat","website":"https://library.rice.edu/","wikidata":"Q5465010","wikipedia":"en:Fondren Library"}},
{"type":"Feature","geometry":{"type":"MultiPolygon","coordinates":[[[[-95.3981412,29.7176407],[-95.3980319,29.7174322],[-95.3977804,29.7175317],[-95.3975562,29.7176203],[-95.3976655,29.7178287],[-95.3978969,29.7177373],[-95.3981412,29.7176407]]]]},"properties":{"building":"university","name":"Allen Business Center","owner":"Rice University","roof:shape":"hipped"}},
{"type":"Feature","geometry":{"type":"MultiPolygon","coordinates":[[[[-95.4007475,29.721283],[-95.4007153,29.7212154],[-95.4001601,29.7214251],[-95.4001091,29.7213249],[-95.4000367,29.7213505],[-95.400144,29.7215998],[-95.4004015,29.7214996],[-95.4003666,29.7214367],[-95.4007475,29.721283]]]]},"properties":{"building":"yes"}},
{"type":"Feature","geometry":{"type":"MultiPolygon","coordinates":[[[[-95.4004135,29.7209657],[-95.4003376,29.7208163],[-95.3997836,29.7210194],[-95.3998634,29.7211765],[-95.4004135,29.7209657]]]]},"properties":{"building":"university","layer":"1","name":"Central Plant","owner":"Rice University"}},
{"type":"Feature","geometry":{"type":"MultiPolygon","coordinates":[[[[-95.3999346,29.7215878],[-95.3998702,29.7214713],[-95.3997147,29.7215272],[-95.3996932,29.7214877],[-95.3993043,29.7216437],[-95.3993633,29.7217742],[-95.3997629,29.7216134],[-95.3997817,29.7216507],[-95.3999346,29.7215878]]],[[[-95.3997041,29.7219375],[-95.3996183,29.7217768],[-95.3993527,29.7218816],[-95.399232,29.7216534],[-95.3990765,29.7217186],[-95.399275,29.7221099],[-95.3997041,29.7219375]]]]},"properties":{"building":"yes","name":"Facilities, Engineering and Planning Building"}},
{"type":"Feature","geometry":{"type":"MultiPolygon","coordinates":[[[[-95.4005659,29.7194665],[-95.400542,29.7194198],[-95.4004907,29.7194395],[-95.4004623,29.7193839],[-95.4005136,29.7193641],[-95.4004117,29.7191645],[-95.400262,29.7192222],[-95.4003222,29.7193401],[-95.4002855,29.7193542],[-95.4002961,29.719375],[-95.4003567,29.7194938],[-95.4002722,29.7195263],[-95.4002185,29.7194211],[-95.4000274,29.7194946],[-95.4000851,29.7196076],[-95.4000567,29.7196186],[-95.4000355,29.7196268],[-95.4000208,29.7195981],[-95.3999828,29.7196128],[-95.3999771,29.7196098],[-95.3999633,29.7196071],[-95.3999496,29.7196097],[-95.3999358,29.7196164],[-95.3999292,29.7196278],[-95.3999278,29.719634],[-95.3998933,29.7196473],[-95.3999098,29.7196795],[-95.3998851,29.719689],[-95.3998596,29.7196988],[-95.3997999,29.7195818],[-95.399587,29.7196499],[-95.3996515,29.7197804],[-95.399595,29.7198022],[-95.3996281,29.7198669],[-95.3996899,29.7198431],[-95.3997167,29.7198957],[-95.3999401,29.7198097],[-95.4000022,29.7199313],[-95.4000374,29.7199178],[-95.4000486,29.7199397],[-95.4001679,29.7198938],[-95.4001508,29.7198601],[-95.400185,29.7198469],[-95.4001238,29.7197269],[-95.4005455,29.7195646],[-95.400507,29.7194892],[-95.4005659,29.7194665]]]]},"properties":{"building":"university","name":"Howard Keck Hall","owner":"Rice University"}},
{"type":"Feature","geometry":{"type":"MultiPolygon","coordinates":[[[[-95.3964142,29.7204488],[-95.3962793,29.7204331],[-95.3962705,29.7204792],[-95.3961886,29.7204675],[-95.3961813,29.720535],[-95.3962599,29.7205473],[-95.3962494,29.7206168],[-95.3963835,29.7206385],[-95.3964021,29.7205238],[-95.3964142,29.7204488]]]]},"properties":{"addr:state":"TX","building":"yes","ele":"15","name":"Huff House","official_name":"Peter and Nancy Huff House","old_name":"Ralph S O'Connor House"}},
{"type":"Feature","geometry":{"type":"MultiPolygon","coordinates":[[[[-95.3970829,29.7119268],[-95.3969148,29.7118266],[-95.3966567,29.7116726],[-95.3964832,29.7118921],[-95.396527,29.7119152],[-95.3968675,29.7121169],[-95.3969134,29.7121413],[-95.3970829,29.7119268]]]]},"properties":{"addr:city":"Houston","addr:housenumber":"1133","addr:postcode":"77030","addr:state":"TX","addr:street":"John Freeman Boulevard","building":"yes","name":"Jesse Jones Building"}},
{"type":"Feature","geometry":{"type":"MultiPolygon","coordinates":[[[[-95.3962186,29.713913],[-95.3957752,29.713653],[-95.3957186,29.7137216],[-95.3957003,29.7137112],[-95.3957283,29.7136758],[-95.3957174,29.7136691],[-95.3957456,29.7136317],[-95.3957246,29.713619],[-95.3956962,29.7136018],[-95.3956176,29.7135542],[-95.3954635,29.713461],[-95.3953113,29.7133688],[-95.3953068,29.7133754],[-95.395283,29.7134059],[-95.3952752,29.7134012],[-95.3947632,29.7140584],[-95.3947784,29.7140673],[-95.3952036,29.7143176],[-95.3953362,29.7141573],[-95.3953615,29.7141249],[-95.3954697,29.713996],[-95.3955133,29.7140232],[-95.3955211,29.7140136],[-95.3955476,29.7140299],[-95.3955598,29.7140385],[-95.39614,29.7139414],[-95.3961796,29.7139632],[-95.3961832,29.7139578],[-95.3962174,29.7139145],[-95.3962186,29.713913]]]]},"properties":{"addr:city":"Houston","addr:housenumber":"6411","addr:postcode":"77030","addr:state":"TX","addr:street":"Fannin Street","amenity":"hospital","beds":"310","building":"hospital","check_date":"2025-10-09","emergency":"yes","healthcare":"hospital","healthcare:speciality":"paediatrics","name":"Children's Memorial Hermann Hospital","opening_hours":"24/7","phone":"+1 713 704 5437","website":"http://childrens.memorialhermann.org/"}},
{"type":"Feature","geometry":{"type":"MultiPolygon","coordinates":[[[[-95.3982734,29.7145003],[-95.3980657,29.7143848],[-95.3979835,29.7144962],[-95.3978861,29.7144419],[-95.3979861,29.7143063],[-95.397672,29.7141316],[-95.3974021,29.7144977],[-95.3977388,29.714685],[-95.3977646,29.7146994],[-95.3978078,29.7146408],[-95.3978643,29.7146722],[-95.3978132,29.7147414],[-95.3980135,29.7148528],[-95.3982734,29.7145003]]]]},"properties":{"addr:city":"Houston","addr:housenumber":"6410","addr:postcode":"77030","addr:state":"TX","addr:street":"Fannin Street","building":"yes","height":"57","source":"esri_USDOT_HarrisCountyTX"}},
{"type":"Feature","geometry":{"type":"MultiPolygon","coordinates":[[[[-95.3993812,29.7180082],[-95.3993559,29.717958],[-95.3993507,29.7179496],[-95.3993305,29.7179098],[-95.3992923,29.7178318],[-95.3992294,29.7178557],[-95.3988337,29.7180063],[-95.3987546,29.7180364],[-95.3988435,29.7182127],[-95.3989222,29.7181823],[-95.3993812,29.7180082]]]]},"properties":{"building":"university","name":"Rayzor Hall","owner":"Rice University","roof:shape":"hipped"}},
{"type":"Feature","geometry":{"type":"MultiPolygon","coordinates":[[[[-95.3999253,29.7170181],[-95.3998488,29.7168746],[-95.3997383,29.7169192],[-95.399778,29.7169957],[-95.3997356,29.7170121],[-95.3997718,29.7170799],[-95.3999253,29.7170181]]]]},"properties":{"alt_name":"Baker House","building":"house","house":"detached","name":"Baker College Magisters' House"}},
{"type":"Feature","geometry":{"type":"MultiPolygon","coordinates":[[[[-95.4000209,29.7176431],[-95.3999482,29.7175067],[-95.3999157,29.7174456],[-95.3997973,29.7174908],[-95.3997928,29.7174805],[-95.3997108,29.7175132],[-95.3996842,29.7174674],[-95.3991358,29.7176721],[-95.3991954,29.7177884],[-95.399257,29.7177628],[-95.399617,29.7176256],[-95.3996961,29.7177711],[-95.4000209,29.7176431]]]]},"properties":{"building":"university","name":"Humanities Building","owner":"Rice University"}},
{"type":"Feature","geometry":{"type":"MultiPolygon","coordinates":[[[[-95.3995661,29.71639],[-95.3995101,29.7162848],[-95.3994112,29.7163243],[-95.3994199,29.7163396],[-95.3991897,29.7164313],[-95.3991628,29.7163802],[-95.399056,29.7164226],[-95.3990784,29.7164651],[-95.3989432,29.716519],[-95.3989332,29.716523],[-95.3989441,29.7165428],[-95.398994,29.7166334],[-95.3991642,29.7165641],[-95.3991702,29.7165761],[-95.3992505,29.7165444],[-95.3992444,29.7165316],[-95.3994717,29.7164413],[-95.3994664,29.7164309],[-95.3995661,29.71639]]]]},"properties":{"building":"dormitory","building:levels":"4","name":"Will Rice College Old Dorm","nohousenumber":"yes","owner":"Rice University","roof:shape":"hipped","smoking":"no","website":"https://willrice.rice.edu","wheelchair":"no"}},
{"type":"Feature","geometry":{"type":"MultiPolygon","coordinates":[[[[-95.3993668,29.715984],[-95.3992865,29.7158275],[-95.3986987,29.7160608],[-95.3987803,29.716214],[-95.3993668,29.715984]]]]},"properties":{"building":"dormitory","building:levels":"4","name":"Will Rice College New Dorm","nohousenumber":"yes","owner":"Rice University","roof:shape":"hipped","smoking":"no","website":"https://willrice.rice.edu","wheelchair":"yes"}},
{"type":"Feature","geometry":{"type":"MultiPolygon","coordinates":[[[[-95.398897,29.7165313],[-95.3987301,29.7162177],[-95.3986496,29.716249],[-95.3986058,29.716266],[-95.3985352,29.7162947],[-95.3987027,29.716607],[-95.398897,29.7165313]]]]},"properties":{"addr:city":"Houston","addr:housenumber":"6330","addr:postcode":"77005-1890","addr:state":"TX","addr:street":"South Main Street","building":"university","building:levels":"1","name":"Will Rice College Commons","owner":"Rice University","roof:shape":"flat","website":"https://willrice.rice.edu","wheelchair":"yes"}},
{"type":"Feature","geometry":{"type":"MultiPolygon","coordinates":[[[[-95.3975123,29.717794],[-95.3974054,29.7175854],[-95.3973434,29.7176117],[-95.3973339,29.7176158],[-95.397343,29.7176313],[-95.3973054,29.7176459],[-95.3969991,29.7177649],[-95.3969881,29.7177425],[-95.3969775,29.717721],[-95.3968434,29.7177737],[-95.3968834,29.7178521],[-95.3970295,29.7177955],[-95.3970366,29.7177928],[-95.3970676,29.7178495],[-95.3969996,29.7178757],[-95.3969425,29.7178991],[-95.3969771,29.7179666],[-95.3970365,29.7179427],[-95.3971011,29.7179192],[-95.3971163,29.7179475],[-95.3971522,29.7179326],[-95.397184,29.7179945],[-95.3972954,29.7179499],[-95.3973208,29.7179401],[-95.3973058,29.7179103],[-95.3973231,29.7179037],[-95.397351,29.7179589],[-95.3974706,29.7179113],[-95.3974306,29.7178267],[-95.3975123,29.717794]]]]},"properties":{"building":"yes","name":"Cohen House","official_name":"Robert and Agnes Cohen House","owner":"Rice University","roof:shape":"flat"}},
{"type":"Feature","geometry":{"type":"MultiPolygon","coordinates":[[[[-95.3984654,29.7183617],[-95.3983878,29.7182126],[-95.3979838,29.7183715],[-95.3979639,29.7183333],[-95.3979345,29.7182771],[-95.3980408,29.7182353],[-95.3980109,29.7181781],[-95.3979588,29.7180754],[-95.3975709,29.7182248],[-95.3976515,29.7183826],[-95.3977261,29.7183539],[-95.3977724,29.7184445],[-95.397721,29.7184643],[-95.3978005,29.71862],[-95.3983291,29.7184163],[-95.3984654,29.7183617]]]]},"properties":{"building":"university","name":"Sewall Hall","owner":"Rice University","roof:shape":"hipped"}},
{"type":"Feature","geometry":{"type":"MultiPolygon","coordinates":[[[[-95.4026794,29.7179826],[-95.4026291,29.7178896],[-95.4025535,29.7179217],[-95.4025063,29.7178335],[-95.402643,29.7177789],[-95.4026204,29.7177365],[-95.4024839,29.7177858],[-95.40243,29.7178052],[-95.4022032,29.7178893],[-95.40213,29.7177571],[-95.402173,29.7177402],[-95.4021622,29.7177174],[-95.402144,29.717684],[-95.4021191,29.7176403],[-95.4019651,29.7177009],[-95.4019955,29.7177645],[-95.4018807,29.717808],[-95.4018379,29.7177275],[-95.4016874,29.7177868],[-95.40182,29.7180396],[-95.4014626,29.7181818],[-95.4013642,29.7179841],[-95.4014294,29.7179579],[-95.4014061,29.7179164],[-95.4013542,29.7179361],[-95.4013586,29.7179457],[-95.4013207,29.717962],[-95.4012578,29.7179891],[-95.4013103,29.7180887],[-95.4011784,29.7181417],[-95.401247,29.7182777],[-95.4013837,29.7182235],[-95.4014148,29.7182834],[-95.4014799,29.7182571],[-95.4018546,29.7181056],[-95.4018663,29.7181278],[-95.4019143,29.7181075],[-95.4019473,29.7181693],[-95.4019917,29.7181515],[-95.4019587,29.7180897],[-95.4020115,29.7180691],[-95.4020432,29.718127],[-95.402234,29.7180495],[-95.4022869,29.7181449],[-95.4026794,29.7179826]]]]},"properties":{"alt_name":"RMC","building":"yes","building:levels":"2","layer":"1","name":"Rice Memorial Center","owner":"Rice University","roof:shape":"flat"}},
{"type":"Feature","geometry":{"type":"MultiPolygon","coordinates":[[[[-95.4025072,29.7176995],[-95.4024774,29.7176428],[-95.4024088,29.7176221],[-95.4023431,29.717648],[-95.4023195,29.717706],[-95.4023493,29.7177657],[-95.4024056,29.717778],[-95.40243,29.7178052],[-95.4024839,29.7177858],[-95.4024817,29.7177605],[-95.4025072,29.7176995]]]]},"properties":{"building":"pavilion","name":"Farnsworth Pavilion"}},
{"type":"Feature","geometry":{"type":"MultiPolygon","coordinates":[[[[-95.4013978,29.7205257],[-95.4012569,29.7202319],[-95.4008556,29.7203771],[-95.4009965,29.7206709],[-95.4013978,29.7205257]]]]},"properties":{"alt_name":"Mudd Lab","building":"university","name":"Mudd Computer Science Building","official_name":"Seeley G. Mudd Computer Science Laboratory","owner":"Rice University"}},
{"type":"Feature","geometry":{"type":"MultiPolygon","coordinates":[[[[-95.4027902,29.7192747],[-95.4027215,29.7191387],[-95.4026966,29.7191482],[-95.4026832,29.7191218],[-95.4025118,29.7191873],[-95.4025006,29.7191916],[-95.4024903,29.7191712],[-95.4024775,29.7191458],[-95.4024689,29.7191491],[-95.4023536,29.7191931],[-95.4023754,29.7192361],[-95.4020732,29.7193527],[-95.4020097,29.7193758],[-95.4020543,29.7194641],[-95.4021502,29.7194275],[-95.4021889,29.7195041],[-95.4025595,29.7193627],[-95.4025855,29.7193528],[-95.4027902,29.7192747]]]]},"properties":{"building":"university","layer":"1","name":"Keith-Wiess Geological Laboratories","owner":"Rice University","roof:shape":"flat"}},
{"type":"Feature","geometry":{"type":"MultiPolygon","coordinates":[[[[-95.4035383,29.7196662],[-95.4033948,29.7193934],[-95.4032188,29.7190588],[-95.4029475,29.7191664],[-95.4029808,29.7192297],[-95.4029943,29.7192555],[-95.4029034,29.7192916],[-95.4027517,29.7193518],[-95.4028623,29.719562],[-95.4030567,29.7194935],[-95.4031659,29.7194615],[-95.4031592,29.7194487],[-95.4030519,29.719476],[-95.4030157,29.7194098],[-95.4030745,29.7193865],[-95.4032144,29.7193742],[-95.4032553,29.7194449],[-95.4032614,29.7194565],[-95.4032242,29.7194712],[-95.4032728,29.7195636],[-95.4032177,29.7195855],[-95.4031941,29.7195406],[-95.4029397,29.7196416],[-95.4030537,29.7198584],[-95.4035383,29.7196662]]]]},"properties":{"building":"university","name":"Dell Butcher Hall","owner":"Rice University"}},
{"type":"Feature","geometry":{"type":"MultiPolygon","coordinates":[[[[-95.4011114,29.7179114],[-95.4009598,29.7176081],[-95.4009517,29.7175904],[-95.4005548,29.7177503],[-95.4007153,29.7180676],[-95.4011114,29.7179114]]]]},"properties":{"building":"pavilion","building:levels":"1","loc_name":"Broch","name":"Brochstein Pavilion","official_name":"Raymond and Susan Brochstein Pavilion","owner":"Rice University","roof:shape":"flat"}},
{"type":"Feature","geometry":{"type":"MultiPolygon","coordinates":[[[[-95.3945551,29.7149564],[-95.3945124,29.7149381],[-95.3944417,29.7149082],[-95.3944137,29.7148964],[-95.3943643,29.7148754],[-95.3941639,29.7152314],[-95.3942225,29.7152563],[-95.3942487,29.7152672],[-95.3943176,29.7152967],[-95.3943548,29.7153125],[-95.3945551,29.7149564]]]]},"properties":{"artist_name":"Trenton Doyle Hancock","artwork_type":"mural","building":"yes","name":"Destination Mound Town","tourism":"gallery"}},
{"type":"Feature","geometry":{"type":"MultiPolygon","coordinates":[[[[-95.3949614,29.7164539],[-95.3949122,29.7164247],[-95.3947814,29.7163471],[-95.3945911,29.716589],[-95.3947195,29.7166652],[-95.394771,29.7166958],[-95.3949614,29.7164539]]]]},"properties":{"bin":"yes","building":"roof","layer":"1","name":"Wortham Pavilion","old_name":"Fannin Pavilion","operator":"Hermann Park Conservancy","operator:wikidata":"Q54834505","roof:colour":"#977d70","roof:shape":"hipped","wikidata":"Q136329304"}},
{"type":"Feature","geometry":{"type":"MultiPolygon","coordinates":[[[[-95.3986525,29.7161077],[-95.3985158,29.7158481],[-95.3984482,29.7158748],[-95.3984248,29.7158323],[-95.398392,29.7158437],[-95.3983511,29.7157666],[-95.3981995,29.715822],[-95.3982677,29.7159523],[-95.3984033,29.7162033],[-95.3984299,29.7161929],[-95.3985447,29.7161482],[-95.3986058,29.716266],[-95.3986496,29.716249],[-95.3986177,29.7161898],[-95.3985871,29.7161329],[-95.3986525,29.7161077]]]]},"properties":{"amenity":"food_court","building":"yes","building:levels":"1","name":"Seibel Servery","official_name":"Abe and Annie Seibel Servery","opening_hours":"Mo-Fr 07:30-10:30,11:00-14:00,17:00-19:30; Sa,Su 08:00-10:30,11:00-14:00,17:00-19:30","roof:shape":"hipped","wheelchair":"yes","wikimedia_commons":"File:Abe_and_Annie_Seibel_Servery.jpg"}},
{"type":"Feature","geometry":{"type":"MultiPolygon","coordinates":[[[[-95.4012378,29.7155979],[-95.4011316,29.7154033],[-95.4011782,29.7153842],[-95.4011379,29.7153102],[-95.401097,29.7152353],[-95.401062,29.7151702],[-95.4010506,29.7151457],[-95.4009627,29.7151789],[-95.4009533,29.7151828],[-95.4009277,29.7150541],[-95.4007942,29.7151313],[-95.4005754,29.7151636],[-95.4006934,29.7152847],[-95.4007457,29.7153799],[-95.4007682,29.7153711],[-95.4007914,29.7154147],[-95.400588,29.7154929],[-95.4005105,29.7155227],[-95.4004818,29.7155338],[-95.4005878,29.7157397],[-95.4006139,29.7157904],[-95.4009077,29.7156713],[-95.4009355,29.7157223],[-95.4012378,29.7155979]]]]},"properties":{"amenity":"food_court","building":"yes","internet_access:fee":"no","layer":"1","name":"South Servery","owner":"Rice University","source":"USGS Geonames"}},
{"type":"Feature","geometry":{"type":"MultiPolygon","coordinates":[[[[-95.3994476,29.7130072],[-95.3989186,29.7126905],[-95.3988732,29.7127477],[-95.3987376,29.7129186],[-95.3992664,29.7132353],[-95.3994476,29.7130072]]]]},"properties":{"addr:city":"Houston","addr:housenumber":"6441","addr:postcode":"77030","addr:state":"TX","addr:street":"Main Street","amenity":"hospital","beds":"105","building":"hospital","emergency":"no","gnis:feature_id":"2471192","healthcare":"hospital","height":"29","name":"Kindred Hospital Houston Medical Center","operator":"Kindred Healthcare","operator:wikidata":"Q921363","phone":"+1 713 790 0500","source":"Bing","website":"https://www.kindredhealthcare.com/locations/transitional-care-hospitals/kindred-hospital-houston-medical-center"}},
{"type":"Feature","geometry":{"type":"MultiPolygon","coordinates":[[[[-95.3968063,29.714507],[-95.3967518,29.7144738],[-95.396769,29.7144518],[-95.3967512,29.714441],[-95.3966543,29.7143821],[-95.396556,29.7145054],[-95.3963691,29.7145302],[-95.3960836,29.7145774],[-95.3958964,29.71461],[-95.3958847,29.714603],[-95.3958493,29.7145801],[-95.3958102,29.714556],[-95.3956534,29.7144607],[-95.3956116,29.7145169],[-95.3955613,29.7145806],[-95.3955383,29.7146104],[-95.3956915,29.7147032],[-95.3957229,29.7147214],[-95.3957966,29.7147669],[-95.395832,29.7147888],[-95.3961052,29.714949],[-95.3961166,29.7149371],[-95.3961398,29.7149138],[-95.3961803,29.7148875],[-95.3962321,29.7148635],[-95.3962858,29.7148518],[-95.3963325,29.7148465],[-95.396341,29.7148968],[-95.3964031,29.7149358],[-95.3964769,29.7149245],[-95.3965193,29.7148696],[-95.3968063,29.714507]]]]},"properties":{"addr:city":"Houston","addr:housenumber":"6411","addr:state":"TX","addr:street":"Fannin Street","building":"hospital","name":"Texas Medical Center Heart & Vascular Institute"}},
{"type":"Feature","geometry":{"type":"MultiPolygon","coordinates":[[[[-95.3999477,29.7117168],[-95.3997695,29.711612],[-95.3997104,29.7115772],[-95.3996806,29.7116148],[-95.399644,29.711661],[-95.3996109,29.7116418],[-95.3995581,29.7117105],[-95.3991664,29.7122195],[-95.3990956,29.7123098],[-95.3989807,29.7124572],[-95.3989305,29.7125215],[-95.399564,29.7129075],[-95.3997276,29.7126954],[-95.399798,29.7126075],[-95.3999151,29.712461],[-95.3998821,29.7124411],[-95.399595,29.712268],[-95.3999364,29.7118352],[-95.3999213,29.7118259],[-95.3999433,29.7117951],[-95.3999046,29.7117727],[-95.3999477,29.7117168]]]]},"properties":{"addr:city":"Houston","addr:housenumber":"6445","addr:postcode":"77030","addr:state":"TX","addr:street":"Main Street","building":"hospital","layer":"1","name":"Houston Methodist - Outpatient Center"}},
{"type":"Feature","geometry":{"type":"MultiPolygon","coordinates":[[[[-95.4007085,29.711461],[-95.4004146,29.7112817],[-95.4003617,29.7113526],[-95.4000949,29.7116947],[-95.3999707,29.7118566],[-95.4002521,29.7120315],[-95.4003004,29.7119704],[-95.4007085,29.711461]]]]},"properties":{"addr:city":"Houston","addr:housenumber":"6550","addr:postcode":"77030","addr:state":"TX","addr:street":"Fannin Street","amenity":"parking","building":"parking","fee":"no","height":"40","name":"Smith Tower Parking","parking":"multi-storey"}},
{"type":"Feature","geometry":{"type":"MultiPolygon","coordinates":[[[[-95.3984033,29.7162033],[-95.3982677,29.7159523],[-95.3979453,29.7160847],[-95.3979802,29.7161529],[-95.3979256,29.7161739],[-95.3977863,29.7162277],[-95.3978649,29.7163682],[-95.3980325,29.7163012],[-95.3980395,29.7163146],[-95.3980521,29.7163387],[-95.3984033,29.7162033]]]]},"properties":{"building":"yes","layer":"1","name":"Old Lovett College Commons","owner":"Rice University"}},
{"type":"Feature","geometry":{"type":"MultiPolygon","coordinates":[[[[-95.4044158,29.7183112],[-95.4043868,29.7182535],[-95.4043765,29.7182347],[-95.4043485,29.7182456],[-95.4042617,29.7180836],[-95.4041433,29.7181313],[-95.4041605,29.7181635],[-95.4038644,29.718283],[-95.4037357,29.7180425],[-95.4041621,29.7178703],[-95.4040779,29.717713],[-95.4040524,29.7176654],[-95.403302,29.7179684],[-95.4034009,29.718153],[-95.4031785,29.7182428],[-95.403402,29.7186603],[-95.4035305,29.7186085],[-95.4035025,29.7185561],[-95.4035786,29.7185254],[-95.4036319,29.7186251],[-95.4040116,29.7184719],[-95.4039833,29.7184191],[-95.4042676,29.7183044],[-95.404296,29.7183574],[-95.4044158,29.7183112]]]]},"properties":{"building":"university","email":"ricerec@rice.edu","leisure":"fitness_centre","name":"Gibbs Recreation and Wellness Center","official_name":"Barbara and David Gibbs Recreation and Wellness Center","owner":"Rice University","phone":"+1 713-348-4058","website":"https://recreation.rice.edu/"}},
{"type":"Feature","geometry":{"type":"MultiPolygon","coordinates":[[[[-95.4029839,29.719779],[-95.4029177,29.7196554],[-95.4028416,29.7196873],[-95.402807,29.7196206],[-95.4027974,29.7196021],[-95.4026974,29.7196422],[-95.4022868,29.7198067],[-95.402331,29.719892],[-95.4022905,29.719909],[-95.4023543,29.7200295],[-95.4023948,29.7200156],[-95.4024353,29.7200892],[-95.4028387,29.7199284],[-95.4029434,29.7198867],[-95.4029042,29.7198099],[-95.4029839,29.719779]]]]},"properties":{"building":"university","layer":"1","name":"Space Science and Technology Building","owner":"Rice University","roof:shape":"flat"}},
{"type":"Feature","geometry":{"type":"MultiPolygon","coordinates":[[[[-95.3982781,29.7206907],[-95.3982726,29.72068],[-95.3980324,29.7202132],[-95.3980212,29.7201915],[-95.3980084,29.7201965],[-95.3974133,29.7204297],[-95.397395,29.7204369],[-95.3976471,29.7209253],[-95.3976536,29.720938],[-95.3978655,29.7208569],[-95.3978597,29.7208458],[-95.3978032,29.7207386],[-95.3977251,29.7207693],[-95.3975901,29.7204997],[-95.3979474,29.7203608],[-95.3980852,29.7206271],[-95.398008,29.7206577],[-95.3980626,29.7207663],[-95.3980671,29.7207752],[-95.3982781,29.7206907]]]]},"properties":{"building":"dormitory","layer":"1","name":"McMurtry College","official_name":"Burton and Deedee McMurtry College","owner":"Rice University","website":"https://mcmurtry.rice.edu/"}},
{"type":"Feature","geometry":{"type":"MultiPolygon","coordinates":[[[[-95.4071736,29.7137547],[-95.406829,29.7136419],[-95.4067605,29.7137999],[-95.4067377,29.7138578],[-95.4070301,29.7139501],[-95.4070848,29.7139681],[-95.4071736,29.7137547]]]]},"properties":{"alt_name":"RUPD","building":"university","name":"Rice University Public Safety","operator":"Rice University","phone":"+1 713-348-6000","police":"private_security","website":"https://rupd.rice.edu/"}},
{"type":"Feature","geometry":{"type":"MultiPolygon","coordinates":[[[[-95.4001272,29.7141802],[-95.4000963,29.7141231],[-95.4000109,29.7139656],[-95.4000075,29.7139593],[-95.3993993,29.7142078],[-95.3994088,29.7142253],[-95.3994152,29.7142371],[-95.3994954,29.7143852],[-95.3996751,29.7143118],[-95.3996725,29.7142892],[-95.3999436,29.7141784],[-95.3999777,29.7142413],[-95.4001272,29.7141802]]]]},"properties":{"building":"university","name":"South Plant","roof:shape":"flat"}},
{"type":"Feature","geometry":{"type":"MultiPolygon","coordinates":[[[[-95.4030802,29.7188897],[-95.402955,29.7186554],[-95.4028015,29.7187155],[-95.4029315,29.7189477],[-95.4030802,29.7188897]]]]},"properties":{"building":"greenhouse"}},
{"type":"Feature","geometry":{"type":"MultiPolygon","coordinates":[[[[-95.3984102,29.7224437],[-95.3983959,29.722382],[-95.3983238,29.7223945],[-95.3983119,29.7223966],[-95.3983066,29.7223738],[-95.3982967,29.7223755],[-95.3982089,29.7223909],[-95.3981522,29.7224008],[-95.3981099,29.7224081],[-95.3980976,29.7224103],[-95.3980883,29.7224119],[-95.3980638,29.7224162],[-95.398091,29.7225336],[-95.398338,29.7224905],[-95.3983304,29.7224576],[-95.3984102,29.7224437]]]]},"properties":{"building":"house","name":"Martel College Magisters House"}},
{"type":"Feature","geometry":{"type":"MultiPolygon","coordinates":[[[[-95.3986368,29.7167434],[-95.3985926,29.7166562],[-95.3982755,29.7167773],[-95.3983206,29.7168648],[-95.3986368,29.7167434]]]]},"properties":{"addr:city":"Houston","addr:housenumber":"6320","addr:postcode":"77005","addr:state":"TX","addr:street":"Main Street","building":"dormitory","building:levels":"4","name":"Baker College","official_name":"James Addison Baker College","owner":"Rice University","website":"https://www.baker-college.com/;https://baker.rice.edu"}},
{"type":"Feature","geometry":{"type":"MultiPolygon","coordinates":[[[[-95.3999084,29.7167379],[-95.3998442,29.7166197],[-95.3997543,29.7166558],[-95.3995117,29.716752],[-95.3995753,29.716874],[-95.3996455,29.7168473],[-95.3996813,29.7169145],[-95.3998311,29.7168549],[-95.399794,29.7167846],[-95.3999084,29.7167379]]]]},"properties":{"building":"house","name":"Will Rice College Magisters House"}},
{"type":"Feature","geometry":{"type":"MultiPolygon","coordinates":[[[[-95.4004833,29.7145364],[-95.4004545,29.7144806],[-95.4003204,29.7145318],[-95.4002813,29.7144647],[-95.4001246,29.7145276],[-95.4001415,29.7145611],[-95.4001619,29.7146015],[-95.4002382,29.7145705],[-95.4002659,29.7146204],[-95.4004833,29.7145364]]]]},"properties":{"addr:city":"Houston","addr:housenumber":"6340","addr:postcode":"77005","addr:state":"TX","addr:street":"Main Street","alt_name":"Wiess College Magisters’ House","building":"university","building:levels":"2","name":"Wilson House","roof:shape":"flat"}},
{"type":"Feature","geometry":{"type":"MultiPolygon","coordinates":[[[[-95.4005201,29.7168163],[-95.4004742,29.7167316],[-95.4004121,29.7167567],[-95.400365,29.7166717],[-95.4002931,29.7167008],[-95.4003833,29.7168719],[-95.4005201,29.7168163]]]]},"properties":{"building":"university","building:levels":"2","email":"diversity@rice.edu","name":"MultiCultural Center","noaddress":"yes","phone":"+1 713-348-5688","website":"https://diversity.rice.edu/multicultural-center"}},
{"type":"Feature","geometry":{"type":"MultiPolygon","coordinates":[[[[-95.3941114,29.7212731],[-95.3939968,29.7212052],[-95.3939888,29.7212153],[-95.3939292,29.7211801],[-95.3939039,29.7212123],[-95.3938762,29.7211959],[-95.3937188,29.7213963],[-95.3937744,29.7214292],[-95.3937484,29.7214623],[-95.393942,29.7215759],[-95.3938908,29.7216363],[-95.3939531,29.7216753],[-95.3940743,29.721521],[-95.3938628,29.7213957],[-95.393903,29.7213445],[-95.3939333,29.7213624],[-95.3939965,29.721282],[-95.3940702,29.7213256],[-95.3941114,29.7212731]]]]},"properties":{"building":"house","building:levels":"2","house":"detached","name":"Wiess President's House"}},
{"type":"Feature","geometry":{"type":"MultiPolygon","coordinates":[[[[-95.3957562,29.7209627],[-95.3956401,29.7209493],[-95.3953368,29.7209142],[-95.3953205,29.7210206],[-95.3953158,29.7210515],[-95.3955282,29.7210761],[-95.3956104,29.7210854],[-95.3956066,29.7211095],[-95.395654,29.7211157],[-95.3956573,29.7210913],[-95.3957351,29.7211012],[-95.3957562,29.7209627]]]]},"properties":{"building":"yes","healthcare":"yes","name":"Rice Student Health and Wellness Center","official_name":"Morton L. Rich Student Health and Wellness Center","roof:shape":"flat"}},
{"type":"Feature","geometry":{"type":"MultiPolygon","coordinates":[[[[-95.3964057,29.7213304],[-95.3962526,29.7213105],[-95.3962002,29.7216649],[-95.3961879,29.7216663],[-95.3961826,29.7216563],[-95.3961773,29.7216464],[-95.3961574,29.7216411],[-95.3961284,29.7216464],[-95.3957234,29.7214437],[-95.3956529,29.7214076],[-95.3956522,29.7213891],[-95.3956939,29.7213958],[-95.395716,29.7212558],[-95.3957362,29.7211278],[-95.395654,29.7211157],[-95.3956066,29.7211095],[-95.3955238,29.7211023],[-95.3954815,29.7210984],[-95.3954626,29.7212114],[-95.3954002,29.721205],[-95.3954029,29.7211904],[-95.3953513,29.7211858],[-95.3953463,29.7212184],[-95.3953419,29.7212469],[-95.3953908,29.7212522],[-95.3953922,29.7212411],[-95.3954572,29.7212487],[-95.3954358,29.7213634],[-95.3956444,29.7213894],[-95.3956486,29.7214046],[-95.39559,29.7214951],[-95.3960781,29.7217335],[-95.3961147,29.7216769],[-95.3961315,29.7216941],[-95.3961559,29.7216981],[-95.3961788,29.7216875],[-95.3961993,29.7216896],[-95.3961903,29.7217546],[-95.3963446,29.7217707],[-95.3964057,29.7213304]]]]},"properties":{"building":"dormitory","name":"Brown College","official_name":"Margarett Root Brown College","roof:shape":"flat","website":"https://www.browncollege.org/"}},
{"type":"Feature","geometry":{"type":"MultiPolygon","coordinates":[[[[-95.3974919,29.7220941],[-95.397487,29.7220495],[-95.3974848,29.7220454],[-95.3974728,29.722023],[-95.3974637,29.722006],[-95.3974591,29.7220009],[-95.3974332,29.721972],[-95.3973892,29.721954],[-95.3973403,29.7219486],[-95.3973073,29.7219529],[-95.3972706,29.7219656],[-95.3972628,29.721971],[-95.3972291,29.7219943],[-95.3972205,29.721989],[-95.3972205,29.7219741],[-95.3968319,29.7219306],[-95.3968319,29.7218828],[-95.3968358,29.7218539],[-95.3968711,29.721725],[-95.3968812,29.7217081],[-95.3968947,29.7217168],[-95.3969067,29.7217177],[-95.3969174,29.7217141],[-95.3969267,29.7217079],[-95.3969329,29.7216987],[-95.3969318,29.7216878],[-95.3969259,29.7216792],[-95.3969125,29.7216737],[-95.3969272,29.7216727],[-95.396948,29.7215499],[-95.3969671,29.7215524],[-95.397029,29.7215603],[-95.3970367,29.7215149],[-95.397008,29.7215113],[-95.3969524,29.7215042],[-95.3969546,29.7214912],[-95.3969736,29.7213787],[-95.3969712,29.7213691],[-95.3969834,29.7213553],[-95.396981,29.7213373],[-95.3969712,29.7213213],[-95.3971411,29.7213418],[-95.3971594,29.7212271],[-95.3969269,29.7211977],[-95.3965645,29.7211554],[-95.3965463,29.7212688],[-95.396703,29.7212877],[-95.3969467,29.7213171],[-95.3969394,29.7213277],[-95.3969296,29.7213373],[-95.3969272,29.72135],[-95.3969359,29.7213722],[-95.3967096,29.7213436],[-95.3966925,29.7214629],[-95.3966671,29.7216409],[-95.396687,29.7216431],[-95.3966819,29.7216782],[-95.3966766,29.7217151],[-95.3966571,29.7217077],[-95.3966351,29.7217052],[-95.3964592,29.7216852],[-95.3963884,29.7216772],[-95.3963552,29.7218998],[-95.3964937,29.72196],[-95.396695,29.7220474],[-95.3966906,29.7220852],[-95.3968007,29.7220947],[-95.3968033,29.72208],[-95.3971823,29.7221239],[-95.3971963,29.7221255],[-95.3972003,29.7220748],[-95.3972107,29.7220758],[-95.3972349,29.7220783],[-95.3972943,29.7220843],[-95.3973102,29.7221014],[-95.3973399,29.7221075],[-95.3973626,29.722104],[-95.3973916,29.7221313],[-95.397419,29.7221822],[-95.3974482,29.7221619],[-95.3974711,29.7221323],[-95.3974919,29.7220941]]]]},"properties":{"addr:state":"TX","amenity":"food_court","building":"yes","ele":"15","gnis:feature_id":"2471007","name":"North Servery","roof:shape":"flat","source":"USGS Geonames"}},
{"type":"Feature","geometry":{"type":"MultiPolygon","coordinates":[[[[-95.3981612,29.7222427],[-95.3981423,29.7222058],[-95.3981573,29.7222],[-95.398129,29.7221447],[-95.398112,29.7221514],[-95.3980976,29.7221239],[-95.3981148,29.722117],[-95.3980921,29.7220726],[-95.3980725,29.7220804],[-95.3980573,29.7220517],[-95.3980773,29.7220438],[-95.3980645,29.7220187],[-95.3980519,29.7219943],[-95.3980462,29.7219832],[-95.3980259,29.7219913],[-95.3980123,29.7219655],[-95.3980329,29.7219572],[-95.3980015,29.721896],[-95.3979804,29.7219044],[-95.3979641,29.7218736],[-95.3979857,29.721865],[-95.39796,29.7218148],[-95.3979375,29.7218238],[-95.397926,29.721802],[-95.3978579,29.7218292],[-95.3978528,29.7218242],[-95.3978593,29.7218141],[-95.3978593,29.7218003],[-95.3978557,29.7217903],[-95.3978794,29.7217932],[-95.3978824,29.7217751],[-95.3978927,29.7217124],[-95.3977721,29.7216975],[-95.3977167,29.7216907],[-95.3976725,29.7216852],[-95.3975432,29.7216693],[-95.3975293,29.7217543],[-95.3975285,29.721759],[-95.3975585,29.7217627],[-95.3975566,29.7217741],[-95.3975529,29.7217969],[-95.3976731,29.7218117],[-95.3978196,29.7218298],[-95.397848,29.7218842],[-95.3978588,29.7219049],[-95.3979982,29.7221713],[-95.3975133,29.7223625],[-95.397419,29.7221822],[-95.3973916,29.7221313],[-95.3973691,29.7221405],[-95.397354,29.7221124],[-95.3972743,29.7221448],[-95.3972817,29.7221587],[-95.3972606,29.7221672],[-95.3972944,29.72223],[-95.3973151,29.7222216],[-95.3973287,29.7222469],[-95.3973091,29.7222548],[-95.3973416,29.7223156],[-95.3973613,29.7223077],[-95.397377,29.7223371],[-95.3973571,29.7223451],[-95.3973848,29.7223972],[-95.3974065,29.7223885],[-95.3974246,29.7224226],[-95.3974025,29.7224314],[-95.3974323,29.7224877],[-95.397447,29.7224819],[-95.3974665,29.7225189],[-95.3975489,29.7224862],[-95.3975434,29.7224756],[-95.3980807,29.722263],[-95.3980861,29.7222733],[-95.3981612,29.7222427]]]]},"properties":{"building":"dormitory","name":"Martel College","official_name":"Marian Fox and Speros P. Martel College","roof:shape":"flat","website":"https://www.martel.rice.edu/"}},
{"type":"Feature","geometry":{"type":"MultiPolygon","coordinates":[[[[-95.3974683,29.7217932],[-95.3968798,29.7217227],[-95.3968603,29.7218352],[-95.3972524,29.7218807],[-95.3974483,29.7219034],[-95.3974551,29.7218657],[-95.3974683,29.7217932]]]]},"properties":{"building":"dormitory","name":"Jones College","official_name":"Mary Gibbs Jones College","roof:shape":"flat","website":"https://jones.rice.edu/"}},
{"type":"Feature","geometry":{"type":"MultiPolygon","coordinates":[[[[-95.3998518,29.7152531],[-95.3998265,29.715205],[-95.3998088,29.7151713],[-95.3997287,29.7152031],[-95.3996884,29.7151264],[-95.3995106,29.715197],[-95.3995939,29.7153554],[-95.3997321,29.7153006],[-95.3998518,29.7152531]]]]},"properties":{"alt_name":"Hanszen College Magisters' House","building":"house","name":"Rice Hospitality","short_name":"H&D"}},
{"type":"Feature","geometry":{"type":"MultiPolygon","coordinates":[[[[-95.4012459,29.7151776],[-95.4010541,29.7148166],[-95.4009238,29.7145567],[-95.4008812,29.7144717],[-95.4005326,29.7146105],[-95.4005238,29.714614],[-95.4001087,29.7147792],[-95.4001491,29.7148587],[-95.4003478,29.7152497],[-95.400498,29.7151682],[-95.4004755,29.7151258],[-95.4004186,29.7151486],[-95.4002526,29.7148304],[-95.4005699,29.7147035],[-95.4008287,29.7146031],[-95.4008507,29.7146456],[-95.400975,29.7148748],[-95.4010354,29.7149957],[-95.4010999,29.7151277],[-95.4010506,29.7151457],[-95.401062,29.7151702],[-95.401097,29.7152353],[-95.4012459,29.7151776]]]]},"properties":{"addr:city":"Houston","addr:housenumber":"6340","addr:postcode":"77005","addr:state":"TX","addr:street":"Main Street","building":"dormitory","building:levels":"4","email":"wiess@rice.edu","layer":"1","name":"Wiess College","official_name":"Harry C. Wiess College","phone":"+1 713-348-5743","roof:shape":"flat","source":"USGS Geonames","website":"http://www.teamwiess.com/"}},
{"type":"Feature","geometry":{"type":"MultiPolygon","coordinates":[[[[-95.3975393,29.7154443],[-95.3969145,29.7150686],[-95.3967322,29.7152972],[-95.3973393,29.7156623],[-95.3973571,29.715673],[-95.3975393,29.7154443]]]]},"properties":{"addr:city":"Houston","addr:housenumber":"6400","addr:postcode":"77030","addr:state":"TX","addr:street":"Fannin Street","building":"tower","height":"131","name":"Memorial Hermann Medical Plaza"}},
{"type":"Feature","geometry":{"type":"MultiPolygon","coordinates":[[[[-95.3969394,29.7161505],[-95.3968494,29.7160961],[-95.3968307,29.7161195],[-95.3966456,29.7160075],[-95.3965881,29.7160385],[-95.3965112,29.7160414],[-95.3964408,29.7160131],[-95.396355,29.71612],[-95.3962088,29.7160316],[-95.3959504,29.7163537],[-95.3962498,29.7165348],[-95.3962818,29.7164948],[-95.3965416,29.716652],[-95.3966171,29.7165579],[-95.3963947,29.7164234],[-95.3965862,29.7161845],[-95.3968057,29.7163173],[-95.3969394,29.7161505]]]]},"properties":{"building":"yes","name":"Palmer Episcopal Church","ref:dove":"13288","wikidata":"Q14710534"}},
{"type":"Feature","geometry":{"type":"MultiPolygon","coordinates":[[[[-95.4071375,29.714147],[-95.4064698,29.7139245],[-95.4063928,29.7141051],[-95.4067016,29.7142073],[-95.4067453,29.7141018],[-95.406846,29.7141352],[-95.4066356,29.7146113],[-95.4066129,29.7146628],[-95.4065923,29.7147093],[-95.4066114,29.7147157],[-95.4068505,29.7147964],[-95.4071375,29.714147]]]]},"properties":{"building":"university","building:levels":"2","name":"Anderson-Clarke Center","official_name":"D. Kent and Linda C. Anderson and Robert L. and Jean T. Clarke Center"}},
{"type":"Feature","geometry":{"type":"MultiPolygon","coordinates":[[[[-95.4002521,29.7120315],[-95.3999707,29.7118566],[-95.3999364,29.7118352],[-95.399595,29.712268],[-95.3998821,29.7124411],[-95.3999067,29.7124085],[-95.3999349,29.7124283],[-95.4002521,29.7120315]]]]},"properties":{"addr:city":"Houston","addr:housenumber":"6447","addr:postcode":"77030","addr:state":"TX","addr:street":"Main Street","building":"hospital","building:levels":"11","height":"42","name":"Houston Methodist - West Pavillion","phone":"+1 713 790 3311"}},
{"type":"Feature","geometry":{"type":"MultiPolygon","coordinates":[[[[-95.4059786,29.7140811],[-95.4058471,29.7140362],[-95.4058543,29.7140176],[-95.4058763,29.714025],[-95.4058806,29.7140154],[-95.4059243,29.7139151],[-95.4057179,29.7138461],[-95.4056806,29.7139226],[-95.4056596,29.7139134],[-95.4056878,29.713837],[-95.4052707,29.7137053],[-95.4052227,29.7138206],[-95.4053364,29.7138591],[-95.4053197,29.7139066],[-95.4053083,29.7139309],[-95.4052688,29.7140272],[-95.4052343,29.7140162],[-95.4051819,29.7141405],[-95.4050664,29.7141038],[-95.4050534,29.7141284],[-95.4050445,29.7141474],[-95.4050419,29.714153],[-95.4054201,29.714276],[-95.4054598,29.714289],[-95.4054913,29.7142992],[-95.4057247,29.7143741],[-95.4057526,29.7143838],[-95.4057888,29.7143954],[-95.4058379,29.7144117],[-95.4058403,29.7144062],[-95.4058467,29.7143877],[-95.4058514,29.7143743],[-95.4057792,29.7143519],[-95.4058318,29.7142234],[-95.4058047,29.7142116],[-95.4058622,29.7140829],[-95.405959,29.7141174],[-95.4059786,29.7140811]]]]},"properties":{"building":"university","building:levels":"2","name":"Moody Center for the Arts","roof:shape":"flat","website":"https://moody.rice.edu"}},
{"type":"Feature","geometry":{"type":"MultiPolygon","coordinates":[[[[-95.3964217,29.7128439],[-95.396259,29.7127479],[-95.3962458,29.7127649],[-95.3961925,29.7127339],[-95.3961331,29.7128101],[-95.3963491,29.7129371],[-95.3964217,29.7128439]]]]},"properties":{"building":"hospital","building:levels":"1"}},
{"type":"Feature","geometry":{"type":"MultiPolygon","coordinates":[[[[-95.3949471,29.7118705],[-95.3947606,29.7117562],[-95.3947929,29.711712],[-95.3946424,29.7116205],[-95.3946073,29.7116656],[-95.3946328,29.7116803],[-95.3945425,29.7117941],[-95.3942282,29.7121892],[-95.3938394,29.7126801],[-95.3941535,29.7128665],[-95.3949471,29.7118705]]]]},"properties":{"amenity":"parking","building":"parking","building:levels":"6","parking":"multi-storey","roof:shape":"flat"}},
{"type":"Feature","geometry":{"type":"MultiPolygon","coordinates":[[[[-95.3962641,29.7114036],[-95.3962009,29.711367],[-95.3960108,29.7112527],[-95.3959734,29.7112305],[-95.3958587,29.7111627],[-95.3957077,29.7113534],[-95.3956284,29.7113081],[-95.3954274,29.7115691],[-95.3954473,29.71164],[-95.395613,29.7117436],[-95.3954981,29.7119048],[-95.395666,29.7120103],[-95.3957632,29.7120372],[-95.3958449,29.7120276],[-95.395909,29.7120027],[-95.3959664,29.7119566],[-95.3960791,29.7118089],[-95.3958709,29.7116834],[-95.3959079,29.7116372],[-95.3959419,29.7115949],[-95.3959953,29.7116268],[-95.3960606,29.7116637],[-95.3962641,29.7114036]]]]},"properties":{"addr:city":"Houston","addr:housenumber":"1","addr:postcode":"77030","addr:state":"TX","addr:street":"Baylor Plaza","building":"hospital","name":"BCM Alkek Building"}},
{"type":"Feature","geometry":{"type":"MultiPolygon","coordinates":[[[[-95.4006036,29.7229387],[-95.4005923,29.7223416],[-95.4002905,29.7223459],[-95.4002963,29.7226513],[-95.39974,29.7226592],[-95.3997386,29.7225827],[-95.400078,29.7225778],[-95.4000742,29.7223743],[-95.3995015,29.7223824],[-95.3995053,29.722586],[-95.3994923,29.7225862],[-95.3994949,29.7227225],[-95.3995261,29.7227221],[-95.3995281,29.7228329],[-95.3999188,29.7228273],[-95.399919,29.7228411],[-95.3999724,29.7228403],[-95.399973,29.7228752],[-95.399891,29.7228764],[-95.3998925,29.7229561],[-95.4000424,29.7229539],[-95.4000421,29.7229345],[-95.4002745,29.7229312],[-95.4002752,29.7229649],[-95.4003731,29.7229635],[-95.4003724,29.7229264],[-95.4003959,29.7229261],[-95.4003962,29.7229416],[-95.4006036,29.7229387]]]]},"properties":{"building":"yes"}},
{"type":"Feature","geometry":{"type":"MultiPolygon","coordinates":[[[[-95.4012706,29.7224545],[-95.4012583,29.7217513],[-95.4011602,29.7217526],[-95.4009795,29.721755],[-95.4009799,29.7217799],[-95.4009265,29.7217806],[-95.4009269,29.7218009],[-95.4008625,29.7218018],[-95.4008635,29.721858],[-95.4008392,29.7218583],[-95.4008486,29.7223947],[-95.4008498,29.7224601],[-95.4012706,29.7224545]]]]},"properties":{"amenity":"parking","building":"yes","parking":"multi-storey"}},
{"type":"Feature","geometry":{"type":"MultiPolygon","coordinates":[[[[-95.4012793,29.7229445],[-95.4012706,29.7224545],[-95.4008498,29.7224601],[-95.4008502,29.7224835],[-95.4008392,29.7224836],[-95.4008428,29.7226891],[-95.4008602,29.7226888],[-95.4008633,29.7228655],[-95.4009264,29.7228647],[-95.4009284,29.7229793],[-95.4010506,29.7229777],[-95.4010503,29.7229633],[-95.4011653,29.7229618],[-95.401165,29.7229461],[-95.4012793,29.7229445]]]]},"properties":{"building":"yes"}},
{"type":"Feature","geometry":{"type":"MultiPolygon","coordinates":[[[[-95.3979193,29.7172434],[-95.3979053,29.717217],[-95.3976347,29.7166762],[-95.3974895,29.7167334],[-95.3974725,29.7167405],[-95.397499,29.7167876],[-95.397752,29.717284],[-95.3977619,29.7173035],[-95.3979193,29.7172434]]]]},"properties":{"building":"commercial","building:levels":"6","name":"Cambridge Office Building","owner":"Rice University","roof:shape":"flat"}},
{"type":"Feature","geometry":{"type":"MultiPolygon","coordinates":[[[[-95.397752,29.717284],[-95.397499,29.7167876],[-95.3974727,29.7167973],[-95.3971485,29.7169277],[-95.3973605,29.7173569],[-95.3973955,29.7174244],[-95.397752,29.717284]]]]},"properties":{"amenity":"parking","building":"parking","building:levels":"7","capacity":"500","operator":"Rice University","owner":"Rice University","parking":"multi-storey","roof:shape":"flat"}},
{"type":"Feature","geometry":{"type":"MultiPolygon","coordinates":[[[[-95.3945761,29.7217093],[-95.394502,29.7216648],[-95.3944019,29.7217902],[-95.394476,29.7218348],[-95.3945761,29.7217093]]]]},"properties":{"building":"yes"}},
{"type":"Feature","geometry":{"type":"MultiPolygon","coordinates":[[[[-95.3949597,29.721893],[-95.3947873,29.7217919],[-95.3948309,29.7217358],[-95.3947743,29.7217027],[-95.3947321,29.7217569],[-95.3947236,29.7217519],[-95.3946345,29.7218664],[-95.3945914,29.7218411],[-95.394561,29.7218801],[-95.3946672,29.7219425],[-95.3947143,29.7218819],[-95.3948888,29.7219843],[-95.3949597,29.721893]]]]},"properties":{"addr:city":"Houston","addr:housenumber":"3","addr:postcode":"77005","addr:state":"TX","addr:street":"Longfellow Lane","building":"yes","source":"esri_USDOT_HarrisCountyTX"}},
{"type":"Feature","geometry":{"type":"MultiPolygon","coordinates":[[[[-95.3947748,29.7219748],[-95.3947244,29.721942],[-95.3946674,29.7220079],[-95.3947177,29.7220408],[-95.3947748,29.7219748]]]]},"properties":{"building":"yes"}},
{"type":"Feature","geometry":{"type":"MultiPolygon","coordinates":[[[[-95.394369,29.721894],[-95.3942301,29.7218108],[-95.3943038,29.7217176],[-95.3942475,29.7216824],[-95.394175,29.7217816],[-95.3941698,29.7217754],[-95.3941294,29.7218243],[-95.3943264,29.7219479],[-95.394369,29.721894]]]]},"properties":{"building":"yes"}},
{"type":"Feature","geometry":{"type":"MultiPolygon","coordinates":[[[[-95.3947994,29.7223883],[-95.3946755,29.7223114],[-95.3946251,29.7223727],[-95.394749,29.7224495],[-95.3947994,29.7223883]]]]},"properties":{"building":"yes"}},
{"type":"Feature","geometry":{"type":"MultiPolygon","coordinates":[[[[-95.3946776,29.7225038],[-95.3946296,29.722473],[-95.3945672,29.7225484],[-95.3945213,29.7225195],[-95.3944657,29.7225907],[-95.3943444,29.7225195],[-95.3942946,29.7225834],[-95.3943977,29.722644],[-95.3943714,29.7226778],[-95.3944885,29.7227466],[-95.3946776,29.7225038]]]]},"properties":{"building":"yes"}},
{"type":"Feature","geometry":{"type":"MultiPolygon","coordinates":[[[[-95.3976305,29.7231211],[-95.3976252,29.7229304],[-95.397614,29.7229306],[-95.3976136,29.7229158],[-95.3975459,29.7229172],[-95.3975463,29.7229321],[-95.3975285,29.7229325],[-95.3975296,29.7229727],[-95.3975017,29.7229733],[-95.3975031,29.7230244],[-95.3975235,29.7230239],[-95.3975251,29.7230794],[-95.3974834,29.7230803],[-95.3974847,29.7231242],[-95.3976305,29.7231211]]]]},"properties":{"building":"yes"}},
{"type":"Feature","geometry":{"type":"MultiPolygon","coordinates":[[[[-95.3989362,29.7219831],[-95.3988624,29.7218413],[-95.3987982,29.7217179],[-95.3986773,29.7214858],[-95.3984634,29.7215649],[-95.398522,29.7216774],[-95.3985968,29.721648],[-95.3986604,29.7217703],[-95.3986782,29.7218044],[-95.3986913,29.7218296],[-95.3987315,29.7219069],[-95.3987175,29.7219124],[-95.398562,29.7219734],[-95.3983734,29.7220474],[-95.398301,29.7219082],[-95.3982362,29.7217836],[-95.3983176,29.7217516],[-95.3982535,29.7216285],[-95.3980333,29.7217149],[-95.3980393,29.7217265],[-95.3980475,29.7217393],[-95.3981552,29.721951],[-95.3981704,29.7219773],[-95.3981973,29.7220287],[-95.3982893,29.7222083],[-95.3983023,29.7222319],[-95.3989362,29.7219831]]],[[[-95.3985091,29.7214917],[-95.3984292,29.7213375],[-95.3983207,29.7213815],[-95.3981546,29.7214461],[-95.3982344,29.7216004],[-95.3985091,29.7214917]]]]},"properties":{"building":"dormitory","name":"Duncan College","official_name":"Anne and Charles Duncan College","owner":"Rice University","roof:shape":"hipped","website":"https://riceduncan.github.io/"}},
{"type":"Feature","geometry":{"type":"MultiPolygon","coordinates":[[[[-95.398883,29.7213272],[-95.3988276,29.7212213],[-95.3985876,29.721316],[-95.3986429,29.7214219],[-95.398883,29.7213272]]]]},"properties":{"building":"house","name":"Duncan College Magisters House","owner":"Rice University"}},
{"type":"Feature","geometry":{"type":"MultiPolygon","coordinates":[[[[-95.39696,29.7229972],[-95.3969559,29.7229816],[-95.3969411,29.7229661],[-95.3969238,29.722962],[-95.3969044,29.722966],[-95.3968882,29.722976],[-95.3968737,29.722996],[-95.3968597,29.7229884],[-95.3968321,29.7230264],[-95.3967619,29.722988],[-95.3966419,29.7231536],[-95.396736,29.7232051],[-95.3967798,29.7231447],[-95.3968503,29.7231832],[-95.3969549,29.7230389],[-95.3969417,29.7230317],[-95.3969534,29.7230156],[-95.39696,29.7229972]]]]},"properties":{"addr:city":"Houston","addr:housenumber":"22","addr:postcode":"77005","addr:state":"TX","addr:street":"Sunset Boulevard","building":"yes","source":"esri_USDOT_HarrisCountyTX"}},
{"type":"Feature","geometry":{"type":"MultiPolygon","coordinates":[[[[-95.4078577,29.7195605],[-95.4077211,29.719282],[-95.4076393,29.7193123],[-95.4076395,29.7193127],[-95.4075868,29.7193322],[-95.4075919,29.7193426],[-95.4075634,29.7193532],[-95.4075676,29.7193618],[-95.4075308,29.7193754],[-95.407548,29.7194102],[-95.4075847,29.7193966],[-95.4076137,29.7194556],[-95.4076949,29.7194256],[-95.4077759,29.7195907],[-95.4078577,29.7195605]]]]},"properties":{"addr:housenumber":"2102","addr:street":"Rice Boulevard","building":"house","building:levels":"2","roof:levels":"1"}},
{"type":"Feature","geometry":{"type":"MultiPolygon","coordinates":[[[[-95.4080699,29.7194661],[-95.4080442,29.7194032],[-95.4079232,29.7194405],[-95.4079489,29.7195034],[-95.4080699,29.7194661]]]]},"properties":{"building":"yes"}},
{"type":"Feature","geometry":{"type":"MultiPolygon","coordinates":[[[[-95.4080629,29.719267],[-95.4080225,29.7191681],[-95.4079834,29.7191801],[-95.4079695,29.719146],[-95.4078417,29.7191854],[-95.4078482,29.7192014],[-95.4078215,29.7192097],[-95.407851,29.7192821],[-95.4078528,29.7192816],[-95.4078725,29.7193299],[-95.4080059,29.7192887],[-95.4080044,29.719285],[-95.4080629,29.719267]]]]},"properties":{"addr:housenumber":"2114","addr:street":"Rice Boulevard","building":"house","building:levels":"2","roof:levels":"1"}},
{"type":"Feature","geometry":{"type":"MultiPolygon","coordinates":[[[[-95.4078591,29.7198837],[-95.4078339,29.7198289],[-95.4078282,29.7198309],[-95.4078002,29.7197701],[-95.4078202,29.7197631],[-95.4078028,29.7197253],[-95.4077992,29.7197265],[-95.4077725,29.7196685],[-95.4076894,29.7196973],[-95.407719,29.7197617],[-95.4077587,29.7197479],[-95.4077725,29.7197778],[-95.407731,29.7197922],[-95.4077597,29.7198546],[-95.4077535,29.7198568],[-95.4077353,29.7198173],[-95.40767,29.71984],[-95.4076881,29.7198795],[-95.4076861,29.7198802],[-95.4077113,29.719935],[-95.4077511,29.7199211],[-95.4077549,29.7199295],[-95.407788,29.719918],[-95.4077842,29.7199097],[-95.4077909,29.7199073],[-95.4077987,29.7199243],[-95.4078336,29.7199122],[-95.4078258,29.7198952],[-95.4078279,29.7198945],[-95.4078314,29.7199022],[-95.4078531,29.7198947],[-95.4078495,29.719887],[-95.4078591,29.7198837]]]]},"properties":{"addr:housenumber":"2103","addr:street":"Bolsover Street","building":"house","building:levels":"2","roof:levels":"1"}},
{"type":"Feature","geometry":{"type":"MultiPolygon","coordinates":[[[[-95.4080375,29.7198353],[-95.4079924,29.7197375],[-95.4079856,29.7197398],[-95.4079497,29.7196622],[-95.4078973,29.7196804],[-95.4079084,29.7197045],[-95.4079045,29.7197059],[-95.4079291,29.7197594],[-95.4078966,29.7197707],[-95.4079202,29.7198218],[-95.4078912,29.7198319],[-95.4079134,29.7198802],[-95.4079504,29.7198673],[-95.4079497,29.7198658],[-95.4080375,29.7198353]]]]},"properties":{"addr:housenumber":"2105","addr:street":"Bolsover Street","building":"house","building:levels":"2","roof:levels":"1"}},
{"type":"Feature","geometry":{"type":"MultiPolygon","coordinates":[[[[-95.4080455,29.7203461],[-95.4080022,29.7202542],[-95.4080321,29.7202436],[-95.4080047,29.7201853],[-95.4079523,29.7202039],[-95.4079462,29.7201912],[-95.4079054,29.7202057],[-95.4079114,29.7202185],[-95.4078604,29.7202366],[-95.4078879,29.7202948],[-95.4079019,29.7202898],[-95.4079452,29.7203817],[-95.4079553,29.7203781],[-95.4079608,29.7203897],[-95.4079885,29.7203798],[-95.407983,29.7203682],[-95.4080455,29.7203461]]]]},"properties":{"addr:housenumber":"2102","addr:street":"Bolsover Street","building":"house","building:levels":"2","roof:levels":"1"}},
{"type":"Feature","geometry":{"type":"MultiPolygon","coordinates":[[[[-95.4080609,29.720445],[-95.408031,29.7203816],[-95.4079624,29.720406],[-95.4079922,29.7204695],[-95.4080609,29.720445]]]]},"properties":{"building":"garage"}},
{"type":"Feature","geometry":{"type":"MultiPolygon","coordinates":[[[[-95.4063748,29.7201648],[-95.4063155,29.720038],[-95.4062226,29.7200708],[-95.4062819,29.7201976],[-95.4063748,29.7201648]]]]},"properties":{"building":"yes"}},
{"type":"Feature","geometry":{"type":"MultiPolygon","coordinates":[[[[-95.4062243,29.7199809],[-95.4062039,29.7199374],[-95.4061751,29.7199475],[-95.4061751,29.7199474],[-95.4061417,29.7199592],[-95.4061344,29.7199437],[-95.4060905,29.7199592],[-95.4060821,29.7199413],[-95.4060339,29.7199583],[-95.4060412,29.7199739],[-95.4059946,29.7199904],[-95.406004,29.7200103],[-95.4059736,29.720021],[-95.405999,29.7200753],[-95.4060294,29.7200645],[-95.4060338,29.7200741],[-95.4061018,29.7200501],[-95.4061277,29.7201055],[-95.4061985,29.7200805],[-95.4061965,29.7200762],[-95.4062122,29.7200706],[-95.4061915,29.7200263],[-95.4061757,29.7200319],[-95.4061721,29.7200242],[-95.4062055,29.7200124],[-95.4061955,29.7199911],[-95.4062243,29.7199809]]]]},"properties":{"building":"house"}},
{"type":"Feature","geometry":{"type":"MultiPolygon","coordinates":[[[[-95.406526,29.7198621],[-95.4064973,29.7198007],[-95.4064594,29.719814],[-95.4064541,29.7198027],[-95.406408,29.719819],[-95.4064137,29.7198312],[-95.4062799,29.7198785],[-95.4063235,29.7199716],[-95.4064919,29.7199122],[-95.4064814,29.7198898],[-95.4064938,29.7198854],[-95.4064891,29.7198752],[-95.406526,29.7198621]]]]},"properties":{"addr:housenumber":"2012","building":"house"}},
{"type":"Feature","geometry":{"type":"MultiPolygon","coordinates":[[[[-95.4066594,29.7200162],[-95.406632,29.7199576],[-95.4065603,29.7199829],[-95.4065877,29.7200415],[-95.4066594,29.7200162]]]]},"properties":{"building":"garage"}},
{"type":"Feature","geometry":{"type":"MultiPolygon","coordinates":[[[[-95.4062146,29.7203206],[-95.4061894,29.7202721],[-95.40612,29.7202993],[-95.4061452,29.7203478],[-95.4062146,29.7203206]]]]},"properties":{"building":"yes"}},
{"type":"Feature","geometry":{"type":"MultiPolygon","coordinates":[[[[-95.406125,29.7203641],[-95.4060987,29.7203135],[-95.4060231,29.7203431],[-95.4060494,29.7203938],[-95.406125,29.7203641]]]]},"properties":{"building":"yes"}},
{"type":"Feature","geometry":{"type":"MultiPolygon","coordinates":[[[[-95.4062471,29.7204212],[-95.4062049,29.72034],[-95.4061465,29.7203629],[-95.4061887,29.7204441],[-95.4062471,29.7204212]]]]},"properties":{"building":"yes"}},
{"type":"Feature","geometry":{"type":"MultiPolygon","coordinates":[[[[-95.4062779,29.7205109],[-95.4062411,29.7204401],[-95.406158,29.7204727],[-95.4061948,29.7205435],[-95.4062779,29.7205109]]]]},"properties":{"addr:housenumber":"2001","addr:street":"Bolsover Street","building":"detached","building:levels":"2"}},
{"type":"Feature","geometry":{"type":"MultiPolygon","coordinates":[[[[-95.4064523,29.7204433],[-95.4064168,29.7203721],[-95.4064134,29.7203583],[-95.4063946,29.7203548],[-95.4063758,29.7203583],[-95.4063731,29.7203734],[-95.4063809,29.7203856],[-95.4063401,29.720401],[-95.4063198,29.7203603],[-95.4062631,29.7203816],[-95.4063188,29.7204935],[-95.4064523,29.7204433]]]]},"properties":{"addr:housenumber":"2007","addr:street":"Bolsover Street","building":"house","building:levels":"2"}},
{"type":"Feature","geometry":{"type":"MultiPolygon","coordinates":[[[[-95.4063986,29.7202942],[-95.406355,29.7202067],[-95.4062833,29.7202337],[-95.4063269,29.7203212],[-95.4063986,29.7202942]]]]},"properties":{"building":"yes"}},
{"type":"Feature","geometry":{"type":"MultiPolygon","coordinates":[[[[-95.4066347,29.7203743],[-95.4065274,29.7201592],[-95.4063841,29.7202131],[-95.4063972,29.7202395],[-95.4064357,29.720225],[-95.4064522,29.7202581],[-95.4065209,29.7202322],[-95.4065448,29.7202801],[-95.4064627,29.720311],[-95.4065165,29.7204188],[-95.4066347,29.7203743]]]]},"properties":{"building":"house"}},
{"type":"Feature","geometry":{"type":"MultiPolygon","coordinates":[[[[-95.4067916,29.7202966],[-95.4067552,29.7202241],[-95.4067319,29.720233],[-95.4067076,29.7201846],[-95.4066349,29.7202121],[-95.4066293,29.720201],[-95.4065947,29.7202141],[-95.4066092,29.720243],[-95.4066208,29.7202386],[-95.4066361,29.7202692],[-95.4066347,29.7202698],[-95.4066378,29.7202761],[-95.4066254,29.7202808],[-95.4066373,29.7203047],[-95.4066498,29.7203],[-95.406671,29.7203422],[-95.4066733,29.7203413],[-95.4066829,29.7203606],[-95.4067271,29.7203439],[-95.4067175,29.7203246],[-95.4067916,29.7202966]]]]},"properties":{"building":"house"}},
{"type":"Feature","geometry":{"type":"MultiPolygon","coordinates":[[[[-95.4067272,29.7201463],[-95.4066937,29.7200795],[-95.4066065,29.7201125],[-95.40664,29.7201793],[-95.4067272,29.7201463]]]]},"properties":{"building":"garage"}},
{"type":"Feature","geometry":{"type":"MultiPolygon","coordinates":[[[[-95.4069726,29.7202313],[-95.4069275,29.7201415],[-95.406868,29.720164],[-95.4068096,29.7200475],[-95.4067178,29.7200822],[-95.4067762,29.7201987],[-95.4067701,29.720201],[-95.4068152,29.7202909],[-95.4068758,29.7202679],[-95.4068856,29.7202874],[-95.4069659,29.720257],[-95.4069562,29.7202375],[-95.4069726,29.7202313]]]]},"properties":{"addr:housenumber":"2019","building":"house"}},
{"type":"Feature","geometry":{"type":"MultiPolygon","coordinates":[[[[-95.4070759,29.720003],[-95.4070466,29.7199446],[-95.4069753,29.7199716],[-95.4070046,29.72003],[-95.4070759,29.720003]]]]},"properties":{"building":"garage"}},
{"type":"Feature","geometry":{"type":"MultiPolygon","coordinates":[[[[-95.4071014,29.7200613],[-95.4070815,29.7200217],[-95.4070263,29.7200426],[-95.4070461,29.7200822],[-95.4071014,29.7200613]]]]},"properties":{"building":"yes"}},
{"type":"Feature","geometry":{"type":"MultiPolygon","coordinates":[[[[-95.4071645,29.7201667],[-95.4071268,29.7200916],[-95.4071205,29.720094],[-95.4071094,29.7200718],[-95.4070388,29.7200985],[-95.4070499,29.7201207],[-95.4069899,29.7201434],[-95.4070276,29.7202185],[-95.4071645,29.7201667]]]]},"properties":{"addr:housenumber":"2023","addr:street":"Bolsover Street","building":"house","building:levels":"2","roof:levels":"1"}},
{"type":"Feature","geometry":{"type":"MultiPolygon","coordinates":[[[[-95.4073204,29.7201072],[-95.4072851,29.7200368],[-95.4071572,29.7200852],[-95.4071926,29.7201556],[-95.4072322,29.7201406],[-95.4072384,29.720153],[-95.4072838,29.7201358],[-95.4072776,29.7201235],[-95.4073204,29.7201072]]]]},"properties":{"building":"house"}},
{"type":"Feature","geometry":{"type":"MultiPolygon","coordinates":[[[[-95.4072529,29.7199588],[-95.4072122,29.7198776],[-95.4071601,29.7198973],[-95.4072008,29.7199785],[-95.4072529,29.7199588]]]]},"properties":{"building":"garage"}},
{"type":"Feature","geometry":{"type":"MultiPolygon","coordinates":[[[[-95.4074997,29.7200473],[-95.4074484,29.7199451],[-95.4073959,29.719965],[-95.4073642,29.7199547],[-95.4073464,29.7199194],[-95.4073689,29.7199109],[-95.4073334,29.71984],[-95.4072375,29.7198763],[-95.407273,29.7199471],[-95.4072832,29.7199433],[-95.4073211,29.7200188],[-95.4073237,29.7200178],[-95.4073642,29.7200986],[-95.4074997,29.7200473]]]]},"properties":{"addr:housenumber":"2031","addr:street":"Bolsover Street","building":"house","building:levels":"2"}},
{"type":"Feature","geometry":{"type":"MultiPolygon","coordinates":[[[[-95.4065153,29.7209581],[-95.4064382,29.7208034],[-95.4063191,29.7208482],[-95.4063522,29.7209146],[-95.4063356,29.7209208],[-95.406351,29.7209518],[-95.4063345,29.720958],[-95.4063624,29.721014],[-95.4063955,29.7210015],[-95.4063962,29.7210029],[-95.4065153,29.7209581]]]]},"properties":{"building":"house"}},
{"type":"Feature","geometry":{"type":"MultiPolygon","coordinates":[[[[-95.4067191,29.7209406],[-95.4066111,29.7207239],[-95.4065797,29.7207356],[-95.4064844,29.7207714],[-95.4065287,29.7208603],[-95.4065931,29.7208361],[-95.4066569,29.720964],[-95.4067191,29.7209406]]]]},"properties":{"building":"house"}},
{"type":"Feature","geometry":{"type":"MultiPolygon","coordinates":[[[[-95.406809,29.7207576],[-95.4067661,29.7206716],[-95.4066696,29.7207079],[-95.4067083,29.7207856],[-95.406677,29.7207974],[-95.4067165,29.7208766],[-95.4068002,29.7208451],[-95.4067648,29.7207742],[-95.406809,29.7207576]]]]},"properties":{"building":"house"}},
{"type":"Feature","geometry":{"type":"MultiPolygon","coordinates":[[[[-95.4070401,29.7207688],[-95.4070061,29.7207007],[-95.4069333,29.7207281],[-95.4069673,29.7207962],[-95.4070401,29.7207688]]]]},"properties":{"building":"yes"}},
{"type":"Feature","geometry":{"type":"MultiPolygon","coordinates":[[[[-95.4069992,29.7206777],[-95.4069579,29.7205947],[-95.4069162,29.7206104],[-95.4069105,29.7205987],[-95.4068747,29.7206122],[-95.4068805,29.7206238],[-95.4068347,29.720641],[-95.4068761,29.720724],[-95.4069992,29.7206777]]]]},"properties":{"building":"house"}},
{"type":"Feature","geometry":{"type":"MultiPolygon","coordinates":[[[[-95.4071939,29.7206518],[-95.4071581,29.7205799],[-95.407146,29.7205844],[-95.4071233,29.7205389],[-95.4070714,29.7205585],[-95.4070641,29.720544],[-95.4070222,29.7205598],[-95.4070294,29.7205742],[-95.4069874,29.7205901],[-95.40701,29.7206355],[-95.4070008,29.720639],[-95.4070366,29.7207109],[-95.4071939,29.7206518]]]]},"properties":{"building":"house"}},
{"type":"Feature","geometry":{"type":"MultiPolygon","coordinates":[[[[-95.407581,29.7206217],[-95.407547,29.7205534],[-95.4075474,29.7205532],[-95.4074688,29.7203956],[-95.4074275,29.7204111],[-95.4074273,29.7204107],[-95.4073508,29.7204394],[-95.4073578,29.7204534],[-95.4073306,29.7204637],[-95.4073535,29.7205097],[-95.4073808,29.7204994],[-95.407387,29.720512],[-95.407441,29.7204917],[-95.4074751,29.7205603],[-95.4074585,29.7205666],[-95.407501,29.7206518],[-95.407581,29.7206217]]]]},"properties":{"addr:housenumber":"2028","addr:street":"Bolsover Street","building":"house"}},
{"type":"Feature","geometry":{"type":"MultiPolygon","coordinates":[[[[-95.4077344,29.7205039],[-95.4076829,29.7204027],[-95.4076553,29.7204133],[-95.407647,29.720397],[-95.407666,29.7203897],[-95.4076249,29.7203089],[-95.4076059,29.7203162],[-95.4076057,29.7203158],[-95.4074889,29.7203606],[-95.4076163,29.720611],[-95.4077331,29.7205662],[-95.4077067,29.7205145],[-95.4077344,29.7205039]]]]},"properties":{"addr:housenumber":"2032","addr:street":"Bolsover Street","building":"house"}},
{"type":"Feature","geometry":{"type":"MultiPolygon","coordinates":[[[[-95.4066775,29.7212877],[-95.4065601,29.7210529],[-95.4064539,29.721093],[-95.4064858,29.7211567],[-95.4065089,29.7211479],[-95.4065368,29.7212037],[-95.4065042,29.721216],[-95.4065374,29.7212825],[-95.4065701,29.7212701],[-95.4065946,29.721319],[-95.4066775,29.7212877]]]]},"properties":{"building":"house"}},
{"type":"Feature","geometry":{"type":"MultiPolygon","coordinates":[[[[-95.4068238,29.721233],[-95.4067477,29.7210812],[-95.4067692,29.7210731],[-95.4067285,29.7209919],[-95.4066013,29.7210399],[-95.406642,29.7211211],[-95.4066607,29.7211141],[-95.4066671,29.7211269],[-95.4066407,29.7211368],[-95.4066742,29.7212038],[-95.4067007,29.7211939],[-95.4067367,29.7212658],[-95.4068238,29.721233]]]]},"properties":{"building":"house"}},
{"type":"Feature","geometry":{"type":"MultiPolygon","coordinates":[[[[-95.4069217,29.7209942],[-95.4068957,29.7209423],[-95.406777,29.7209871],[-95.406803,29.721039],[-95.4068104,29.7210362],[-95.4068355,29.7210863],[-95.4068787,29.7210699],[-95.4068537,29.7210199],[-95.4069217,29.7209942]]]]},"properties":{"building":"garage"}},
{"type":"Feature","geometry":{"type":"MultiPolygon","coordinates":[[[[-95.4072013,29.7210903],[-95.4071621,29.7210169],[-95.4070538,29.7210606],[-95.40706,29.7210724],[-95.4070264,29.7210859],[-95.4070517,29.7211334],[-95.4070854,29.7211198],[-95.407093,29.7211339],[-95.4072013,29.7210903]]]]},"properties":{"building":"house"}},
{"type":"Feature","geometry":{"type":"MultiPolygon","coordinates":[[[[-95.4073897,29.721013],[-95.4073367,29.7209138],[-95.4072113,29.7209644],[-95.4072643,29.7210635],[-95.4073897,29.721013]]]]},"properties":{"building":"house"}},
{"type":"Feature","geometry":{"type":"MultiPolygon","coordinates":[[[[-95.4071154,29.7209173],[-95.407085,29.7208603],[-95.4070674,29.7208674],[-95.4070632,29.7208593],[-95.4070175,29.7208777],[-95.4070218,29.7208857],[-95.4070041,29.7208929],[-95.4070346,29.7209499],[-95.4070523,29.7209428],[-95.4070551,29.7209479],[-95.4071007,29.7209296],[-95.4070979,29.7209244],[-95.4071154,29.7209173]]]]},"properties":{"building":"garage"}},
{"type":"Feature","geometry":{"type":"MultiPolygon","coordinates":[[[[-95.4072241,29.7208748],[-95.4071921,29.720815],[-95.4071014,29.7208515],[-95.4071334,29.7209114],[-95.4072241,29.7208748]]]]},"properties":{"building":"garage"}},
{"type":"Feature","geometry":{"type":"MultiPolygon","coordinates":[[[[-95.4073629,29.7207974],[-95.407348,29.7207695],[-95.40733,29.7207767],[-95.4073229,29.7207635],[-95.4073039,29.7207712],[-95.4073109,29.7207844],[-95.4072831,29.7207956],[-95.407298,29.7208235],[-95.4073259,29.7208123],[-95.4073298,29.7208196],[-95.4073488,29.7208119],[-95.4073449,29.7208046],[-95.4073629,29.7207974]]]]},"properties":{"building":"garage"}},
{"type":"Feature","geometry":{"type":"MultiPolygon","coordinates":[[[[-95.4075352,29.7207275],[-95.4075151,29.7206899],[-95.4074695,29.7207083],[-95.4074896,29.7207459],[-95.4075352,29.7207275]]]]},"properties":{"building":"garage"}},
{"type":"Feature","geometry":{"type":"MultiPolygon","coordinates":[[[[-95.4075304,29.7209303],[-95.4075097,29.7208917],[-95.4074931,29.7208984],[-95.4074654,29.7208467],[-95.4073521,29.7208923],[-95.4074004,29.7209827],[-95.4075304,29.7209303]]]]},"properties":{"building":"house"}},
{"type":"Feature","geometry":{"type":"MultiPolygon","coordinates":[[[[-95.4076995,29.7208672],[-95.4076723,29.7208163],[-95.4076493,29.7208255],[-95.4076345,29.7207978],[-95.4075721,29.720823],[-95.4075869,29.7208507],[-95.4075399,29.7208696],[-95.4075671,29.7209206],[-95.4075787,29.7209159],[-95.4075826,29.7209232],[-95.4076029,29.720915],[-95.407599,29.7209077],[-95.4076141,29.7209016],[-95.407621,29.7209145],[-95.4076834,29.7208894],[-95.4076765,29.7208765],[-95.4076995,29.7208672]]]]},"properties":{"building":"house"}},
{"type":"Feature","geometry":{"type":"MultiPolygon","coordinates":[[[[-95.407744,29.7206624],[-95.407721,29.7206192],[-95.4076402,29.7206517],[-95.4076633,29.7206949],[-95.407744,29.7206624]]]]},"properties":{"building":"garage"}},
{"type":"Feature","geometry":{"type":"MultiPolygon","coordinates":[[[[-95.4079114,29.7208195],[-95.4078737,29.720749],[-95.4077262,29.7208083],[-95.4077639,29.7208789],[-95.4079114,29.7208195]]]]},"properties":{"building":"house"}},
{"type":"Feature","geometry":{"type":"MultiPolygon","coordinates":[[[[-95.4069015,29.7217483],[-95.4068465,29.7216283],[-95.4068459,29.7216285],[-95.4068328,29.7216],[-95.4068255,29.7216025],[-95.4068211,29.7215928],[-95.4067627,29.721613],[-95.4067671,29.7216227],[-95.4067235,29.7216378],[-95.4066809,29.7215451],[-95.4066451,29.7215575],[-95.4066447,29.7215567],[-95.4066193,29.7215655],[-95.4066481,29.7216284],[-95.4066544,29.7216262],[-95.4066816,29.7216854],[-95.406693,29.7216815],[-95.4067256,29.7217524],[-95.4067037,29.72176],[-95.4067359,29.7218301],[-95.4068191,29.7218013],[-95.4068094,29.7217802],[-95.4069015,29.7217483]]]]},"properties":{"building":"house"}},
{"type":"Feature","geometry":{"type":"MultiPolygon","coordinates":[[[[-95.4070444,29.721608],[-95.4069949,29.7215002],[-95.4069192,29.7215264],[-95.4069145,29.7215162],[-95.4068948,29.721523],[-95.4068995,29.7215332],[-95.4068398,29.7215538],[-95.4068893,29.7216616],[-95.4068977,29.7216587],[-95.4069159,29.7216984],[-95.4069129,29.7216994],[-95.4069473,29.7217743],[-95.4070343,29.7217443],[-95.4069999,29.7216693],[-95.4069794,29.7216764],[-95.4069662,29.7216477],[-95.4069934,29.7216383],[-95.4069884,29.7216273],[-95.4070444,29.721608]]]]},"properties":{"building":"house"}},
{"type":"Feature","geometry":{"type":"MultiPolygon","coordinates":[[[[-95.4072791,29.7216703],[-95.4071678,29.7214277],[-95.4070994,29.7214513],[-95.4071157,29.7214871],[-95.4070496,29.7215099],[-95.4070799,29.721576],[-95.4071302,29.7215586],[-95.4071384,29.7215766],[-95.407107,29.7215874],[-95.4071282,29.7216336],[-95.4071755,29.7216173],[-95.4072106,29.721694],[-95.4072791,29.7216703]]]]},"properties":{"building":"house"}},
{"type":"Feature","geometry":{"type":"MultiPolygon","coordinates":[[[[-95.4073964,29.721622],[-95.4073695,29.7215633],[-95.4072757,29.7215958],[-95.4073026,29.7216544],[-95.4073964,29.721622]]]]},"properties":{"building":"garage"}},
{"type":"Feature","geometry":{"type":"MultiPolygon","coordinates":[[[[-95.4074239,29.7215381],[-95.4073493,29.7213756],[-95.4072871,29.7213971],[-95.4072817,29.7213855],[-95.407228,29.7214041],[-95.4072499,29.7214518],[-95.4072171,29.7214631],[-95.4072462,29.7215265],[-95.407279,29.7215151],[-95.4072831,29.7215241],[-95.4073166,29.7215125],[-95.4073414,29.7215666],[-95.4074239,29.7215381]]]]},"properties":{"building":"house"}},
{"type":"Feature","geometry":{"type":"MultiPolygon","coordinates":[[[[-95.4076436,29.7215566],[-95.4075092,29.7212889],[-95.4074045,29.7213285],[-95.4075085,29.7215355],[-95.4074802,29.7215462],[-95.4075107,29.7216069],[-95.4076436,29.7215566]]]]},"properties":{"building":"house"}},
{"type":"Feature","geometry":{"type":"MultiPolygon","coordinates":[[[[-95.4077417,29.7215358],[-95.4077188,29.7214886],[-95.4076539,29.7215125],[-95.4076769,29.7215596],[-95.4077417,29.7215358]]]]},"properties":{"building":"garage"}},
{"type":"Feature","geometry":{"type":"MultiPolygon","coordinates":[[[[-95.4077514,29.7213871],[-95.407735,29.7213535],[-95.4077193,29.7213593],[-95.4076622,29.7212421],[-95.4075714,29.7212755],[-95.4075902,29.721314],[-95.407562,29.7213244],[-95.4075838,29.7213691],[-95.4076119,29.7213587],[-95.4076448,29.7214263],[-95.4077514,29.7213871]]]]},"properties":{"building":"house"}},
{"type":"Feature","geometry":{"type":"MultiPolygon","coordinates":[[[[-95.4079134,29.7214834],[-95.4078819,29.7214186],[-95.4078182,29.721442],[-95.4078497,29.7215067],[-95.4079134,29.7214834]]]]},"properties":{"building":"garage"}},
{"type":"Feature","geometry":{"type":"MultiPolygon","coordinates":[[[[-95.4079288,29.7213492],[-95.4078782,29.7212453],[-95.4078866,29.7212423],[-95.407855,29.7211773],[-95.4077129,29.7212295],[-95.4077445,29.7212944],[-95.4078009,29.7212737],[-95.4078202,29.7213133],[-95.407854,29.7213009],[-95.4078852,29.7213651],[-95.4079288,29.7213492]]]]},"properties":{"building":"house"}},
{"type":"Feature","geometry":{"type":"MultiPolygon","coordinates":[[[[-95.4081099,29.7213308],[-95.4080816,29.7212727],[-95.4079597,29.7213174],[-95.407988,29.7213755],[-95.4081099,29.7213308]]]]},"properties":{"building":"yes"}},
{"type":"Feature","geometry":{"type":"MultiPolygon","coordinates":[[[[-95.4080696,29.7211945],[-95.4080305,29.721114],[-95.4079178,29.7211554],[-95.4079245,29.7211692],[-95.4078992,29.7211785],[-95.4079255,29.7212324],[-95.4079508,29.7212231],[-95.407957,29.7212359],[-95.4080696,29.7211945]]]]},"properties":{"building":"house"}},
{"type":"Feature","geometry":{"type":"MultiPolygon","coordinates":[[[[-95.4069947,29.7220319],[-95.4069678,29.7219262],[-95.4068951,29.7219402],[-95.4068948,29.7219393],[-95.4068217,29.7219533],[-95.4068352,29.7220062],[-95.4068216,29.7220088],[-95.4068345,29.7220593],[-95.406893,29.7220481],[-95.4068914,29.722042],[-95.4069045,29.7220395],[-95.4069069,29.7220488],[-95.4069947,29.7220319]]]]},"properties":{"building":"house"}},
{"type":"Feature","geometry":{"type":"MultiPolygon","coordinates":[[[[-95.4069579,29.7218887],[-95.4069405,29.7218229],[-95.4068265,29.7218456],[-95.4068439,29.7219114],[-95.4069579,29.7218887]]]]},"properties":{"building":"garage"}},
{"type":"Feature","geometry":{"type":"MultiPolygon","coordinates":[[[[-95.4071429,29.7218502],[-95.4071244,29.7217747],[-95.4070531,29.7217879],[-95.407058,29.7218077],[-95.4070517,29.7218089],[-95.4070591,29.7218388],[-95.4070477,29.7218409],[-95.4070541,29.7218667],[-95.4070806,29.7218618],[-95.4070843,29.7218767],[-95.4071423,29.721866],[-95.4071386,29.721851],[-95.4071429,29.7218502]]]]},"properties":{"building":"garage"}},
{"type":"Feature","geometry":{"type":"MultiPolygon","coordinates":[[[[-95.4071819,29.7219964],[-95.4071536,29.7218817],[-95.4070822,29.7218949],[-95.4070926,29.7219374],[-95.407041,29.7219469],[-95.4070458,29.7219663],[-95.4070344,29.7219685],[-95.4070444,29.7220092],[-95.4070558,29.7220071],[-95.4070588,29.7220193],[-95.4071819,29.7219964]]]]},"properties":{"building":"house"}},
{"type":"Feature","geometry":{"type":"MultiPolygon","coordinates":[[[[-95.407331,29.7219656],[-95.4072974,29.7217999],[-95.4072348,29.7218095],[-95.4072355,29.7219061],[-95.407184,29.721914],[-95.4071985,29.7219858],[-95.407331,29.7219656]]]]},"properties":{"building":"house"}},
{"type":"Feature","geometry":{"type":"MultiPolygon","coordinates":[[[[-95.4073025,29.7217763],[-95.4072886,29.7217193],[-95.4072194,29.721732],[-95.4072333,29.721789],[-95.4073025,29.7217763]]]]},"properties":{"building":"garage"}},
{"type":"Feature","geometry":{"type":"MultiPolygon","coordinates":[[[[-95.407491,29.7219338],[-95.4074874,29.721919],[-95.4074876,29.721919],[-95.40746,29.7218057],[-95.407438,29.7218098],[-95.4074314,29.7217827],[-95.4074534,29.7217786],[-95.4074306,29.7216849],[-95.4073515,29.7216994],[-95.4073743,29.7217931],[-95.4073755,29.7217929],[-95.4073821,29.72182],[-95.4073333,29.721829],[-95.4073563,29.7219236],[-95.4073562,29.7219236],[-95.4073642,29.7219564],[-95.4074192,29.7219463],[-95.4074158,29.7219322],[-95.407435,29.7219286],[-95.4074387,29.7219434],[-95.407491,29.7219338]]]]},"properties":{"building":"house"}},
{"type":"Feature","geometry":{"type":"MultiPolygon","coordinates":[[[[-95.4076391,29.7218922],[-95.407611,29.7217775],[-95.4075239,29.7217936],[-95.4075054,29.7217475],[-95.4075513,29.721739],[-95.4075368,29.7216798],[-95.4074561,29.7216948],[-95.4074706,29.7217539],[-95.4074809,29.721752],[-95.4074982,29.7217983],[-95.4074883,29.7218002],[-95.4075101,29.7218892],[-95.4075097,29.7218893],[-95.4075188,29.7219261],[-95.4075205,29.7219331],[-95.4075466,29.7219283],[-95.4075449,29.7219213],[-95.4076016,29.7219108],[-95.4075989,29.7218996],[-95.4076391,29.7218922]]]]},"properties":{"building":"house"}},
{"type":"Feature","geometry":{"type":"MultiPolygon","coordinates":[[[[-95.4077585,29.7216901],[-95.4077349,29.7215937],[-95.4076606,29.7216074],[-95.4076842,29.7217038],[-95.4077585,29.7216901]]]]},"properties":{"building":"yes"}},
{"type":"Feature","geometry":{"type":"MultiPolygon","coordinates":[[[[-95.4078001,29.7218771],[-95.4077953,29.7218572],[-95.4077954,29.7218572],[-95.4077771,29.7217824],[-95.407651,29.7218057],[-95.4076693,29.7218805],[-95.4077644,29.721863],[-95.4077692,29.7218828],[-95.4078001,29.7218771]]]]},"properties":{"building":"house"}},
{"type":"Feature","geometry":{"type":"MultiPolygon","coordinates":[[[[-95.4079872,29.7215917],[-95.4079696,29.7215239],[-95.4078852,29.7215404],[-95.4079028,29.7216082],[-95.4079164,29.7216055],[-95.4079207,29.7216221],[-95.4079751,29.7216115],[-95.4079708,29.7215949],[-95.4079872,29.7215917]]]]},"properties":{"building":"garage"}},
{"type":"Feature","geometry":{"type":"MultiPolygon","coordinates":[[[[-95.4080287,29.7218357],[-95.4079833,29.721661],[-95.4079268,29.721672],[-95.4079386,29.7217175],[-95.407801,29.7217445],[-95.4078303,29.7218572],[-95.4079679,29.7218303],[-95.4079722,29.7218468],[-95.4080287,29.7218357]]]]},"properties":{"building":"house"}},
{"type":"Feature","geometry":{"type":"MultiPolygon","coordinates":[[[[-95.4071228,29.7225129],[-95.407093,29.7224618],[-95.40705,29.7224807],[-95.4070219,29.7223793],[-95.4070511,29.7223732],[-95.407039,29.7223298],[-95.4069056,29.7223577],[-95.4069176,29.7224011],[-95.4069396,29.7223965],[-95.4069507,29.7224362],[-95.4069263,29.7224413],[-95.406949,29.7225227],[-95.4070122,29.7225094],[-95.4070098,29.7225008],[-95.407044,29.7225035],[-95.4070645,29.7225386],[-95.4071228,29.7225129]]]]},"properties":{"building":"house"}},
{"type":"Feature","geometry":{"type":"MultiPolygon","coordinates":[[[[-95.407265,29.7223871],[-95.407252,29.7223336],[-95.4072386,29.7223361],[-95.4072301,29.722301],[-95.4071622,29.7223134],[-95.4071647,29.7223238],[-95.407124,29.7223312],[-95.4071429,29.7224093],[-95.4071619,29.7224058],[-95.4071833,29.7224941],[-95.4072174,29.7224879],[-95.4071981,29.7224083],[-95.4072087,29.7224134],[-95.4072214,29.7224128],[-95.4072361,29.7224093],[-95.4072449,29.7224035],[-95.4072431,29.7223912],[-95.407265,29.7223871]]]]},"properties":{"building":"house"}},
{"type":"Feature","geometry":{"type":"MultiPolygon","coordinates":[[[[-95.4074219,29.722393],[-95.4073889,29.7222567],[-95.407271,29.7222783],[-95.407304,29.7224145],[-95.4074219,29.722393]]]]},"properties":{"building":"house"}},
{"type":"Feature","geometry":{"type":"MultiPolygon","coordinates":[[[[-95.4074514,29.7224955],[-95.4074336,29.7224222],[-95.4073827,29.7224315],[-95.4074004,29.7225048],[-95.4074514,29.7224955]]]]},"properties":{"building":"garage"}},
{"type":"Feature","geometry":{"type":"MultiPolygon","coordinates":[[[[-95.4076263,29.7224575],[-95.407611,29.7223936],[-95.4075105,29.7224118],[-95.4075258,29.7224757],[-95.4075471,29.7224718],[-95.4075493,29.7224809],[-95.4076098,29.7224699],[-95.4076076,29.7224608],[-95.4076263,29.7224575]]]]},"properties":{"building":"garage"}},
{"type":"Feature","geometry":{"type":"MultiPolygon","coordinates":[[[[-95.4076036,29.722372],[-95.4075791,29.7222698],[-95.4075718,29.7222711],[-95.407562,29.7222304],[-95.407497,29.7222421],[-95.4075068,29.7222829],[-95.4074554,29.7222922],[-95.4074799,29.7223944],[-95.4076036,29.722372]]]]},"properties":{"building":"house"}},
{"type":"Feature","geometry":{"type":"MultiPolygon","coordinates":[[[[-95.4077853,29.7224524],[-95.4077693,29.7223858],[-95.4076653,29.7224046],[-95.4076813,29.7224712],[-95.4077853,29.7224524]]]]},"properties":{"building":"garage"}},
{"type":"Feature","geometry":{"type":"MultiPolygon","coordinates":[[[[-95.4077598,29.7223458],[-95.4077236,29.722195],[-95.4075892,29.7222193],[-95.4076123,29.7223155],[-95.407652,29.7223083],[-95.4076579,29.722333],[-95.407686,29.7223279],[-95.4076932,29.7223579],[-95.4077598,29.7223458]]]]},"properties":{"building":"house"}},
{"type":"Feature","geometry":{"type":"MultiPolygon","coordinates":[[[[-95.4079449,29.7224436],[-95.4079271,29.7223763],[-95.4078219,29.7223973],[-95.4078396,29.7224646],[-95.4079449,29.7224436]]]]},"properties":{"building":"garage"}},
{"type":"Feature","geometry":{"type":"MultiPolygon","coordinates":[[[[-95.4079134,29.7223208],[-95.4078782,29.7221671],[-95.4077605,29.7221874],[-95.4077957,29.7223411],[-95.4079134,29.7223208]]]]},"properties":{"building":"house"}},
{"type":"Feature","geometry":{"type":"MultiPolygon","coordinates":[[[[-95.4080563,29.7224308],[-95.4080166,29.7222575],[-95.4080549,29.7222509],[-95.4080301,29.7221423],[-95.4079039,29.7221641],[-95.4079685,29.722446],[-95.4080563,29.7224308]]]]},"properties":{"building":"house"}},
{"type":"Feature","geometry":{"type":"MultiPolygon","coordinates":[[[[-95.4072194,29.7226492],[-95.4070719,29.7226492],[-95.4070719,29.7225735],[-95.4069585,29.7225735],[-95.4069585,29.7226498],[-95.4069652,29.7226498],[-95.4069652,29.7226806],[-95.4069787,29.7226806],[-95.4069787,29.7227668],[-95.406978,29.7227668],[-95.406978,29.7228163],[-95.4070611,29.7228163],[-95.4070611,29.7228105],[-95.4071228,29.7228105],[-95.4071228,29.7228024],[-95.4071624,29.7228024],[-95.4071624,29.7227971],[-95.4072194,29.7227971],[-95.4072194,29.7226492]]]]},"properties":{"building":"house"}},
{"type":"Feature","geometry":{"type":"MultiPolygon","coordinates":[[[[-95.4074528,29.7226422],[-95.4074472,29.7225443],[-95.4073642,29.7225479],[-95.4073648,29.7225577],[-95.4073534,29.7225582],[-95.4073576,29.7226311],[-95.4073688,29.7226307],[-95.4073697,29.7226457],[-95.4074038,29.7226443],[-95.407406,29.7226831],[-95.4073632,29.722685],[-95.4073661,29.7227344],[-95.4073165,29.7227366],[-95.40732,29.7227971],[-95.407384,29.7227944],[-95.407385,29.7228111],[-95.4074387,29.7228087],[-95.4074377,29.7227921],[-95.4074435,29.7227919],[-95.4074349,29.722643],[-95.4074528,29.7226422]]]]},"properties":{"building":"house"}},
{"type":"Feature","geometry":{"type":"MultiPolygon","coordinates":[[[[-95.4076907,29.7227994],[-95.4076831,29.7225337],[-95.4075728,29.722536],[-95.4075735,29.7225591],[-95.4075653,29.7225593],[-95.4075653,29.7225587],[-95.4075025,29.72256],[-95.4075043,29.7226256],[-95.4075674,29.7226243],[-95.4075667,29.7226023],[-95.4075749,29.7226021],[-95.4075752,29.7226106],[-95.4076072,29.7226099],[-95.4076097,29.7227013],[-95.40757,29.7227022],[-95.4075695,29.7226825],[-95.4074953,29.7226841],[-95.4074959,29.7227041],[-95.4074987,29.7228041],[-95.4075056,29.7228039],[-95.4075058,29.7228109],[-95.4075734,29.7228094],[-95.4075732,29.7228022],[-95.4076202,29.7228012],[-95.4076204,29.7228105],[-95.4076727,29.7228094],[-95.4076724,29.7227998],[-95.4076907,29.7227994]]]]},"properties":{"building":"house"}},
{"type":"Feature","geometry":{"type":"MultiPolygon","coordinates":[[[[-95.4078544,29.7225875],[-95.4078517,29.722514],[-95.4077672,29.7225164],[-95.4077699,29.7225898],[-95.4078544,29.7225875]]]]},"properties":{"building":"garage"}},
{"type":"Feature","geometry":{"type":"MultiPolygon","coordinates":[[[[-95.4079114,29.7227883],[-95.4079083,29.7227107],[-95.4078171,29.7227135],[-95.407814,29.7226355],[-95.4077453,29.7226376],[-95.4077515,29.7227931],[-95.4079114,29.7227883]]]]},"properties":{"building":"house"}},
{"type":"Feature","geometry":{"type":"MultiPolygon","coordinates":[[[[-95.4081494,29.7227925],[-95.4081463,29.7226884],[-95.4081098,29.7226892],[-95.4081088,29.722655],[-95.4080183,29.7226571],[-95.4080174,29.7226244],[-95.4079523,29.7226259],[-95.4079576,29.7228061],[-95.4080227,29.7228047],[-95.4080224,29.7227953],[-95.4081494,29.7227925]]]]},"properties":{"building":"house"}},
{"type":"Feature","geometry":{"type":"MultiPolygon","coordinates":[[[[-95.3961109,29.7225261],[-95.3960006,29.7224585],[-95.3959919,29.7224692],[-95.3959171,29.7224233],[-95.3958576,29.7224965],[-95.3959352,29.7225441],[-95.3959214,29.7225612],[-95.3959833,29.7225992],[-95.395997,29.7225823],[-95.3960173,29.7225947],[-95.396059,29.7225434],[-95.3960842,29.722559],[-95.3961109,29.7225261]]]]},"properties":{"addr:city":"Houston","addr:housenumber":"16","addr:postcode":"77005","addr:state":"TX","addr:street":"Sunset Boulevard","building":"yes","source":"esri_USDOT_HarrisCountyTX"}},
{"type":"Feature","geometry":{"type":"MultiPolygon","coordinates":[[[[-95.3957945,29.7222242],[-95.3956951,29.7221622],[-95.395647,29.7222238],[-95.3956296,29.7222141],[-95.3955941,29.7222557],[-95.3956295,29.7222792],[-95.3955853,29.7223367],[-95.3956314,29.722367],[-95.3956208,29.7223816],[-95.3956536,29.7224011],[-95.3957945,29.7222242]]]]},"properties":{"addr:city":"Houston","addr:housenumber":"14","addr:postcode":"77005","addr:state":"TX","addr:street":"Remington Lane","building":"yes","source":"esri_USDOT_HarrisCountyTX"}},
{"type":"Feature","geometry":{"type":"MultiPolygon","coordinates":[[[[-95.3956961,29.722431],[-95.3955724,29.722357],[-95.3954775,29.7224767],[-95.3956012,29.7225507],[-95.3956961,29.722431]]]]},"properties":{"building":"yes"}},
{"type":"Feature","geometry":{"type":"MultiPolygon","coordinates":[[[[-95.3953857,29.7227398],[-95.3952751,29.7226718],[-95.3951695,29.7228013],[-95.3951984,29.7228191],[-95.3951864,29.7228338],[-95.3952861,29.722895],[-95.3953479,29.7228192],[-95.39533,29.7228082],[-95.3953857,29.7227398]]]]},"properties":{"addr:city":"Houston","addr:housenumber":"12","addr:postcode":"77005","addr:state":"TX","addr:street":"Remington Lane","building":"yes","source":"esri_USDOT_HarrisCountyTX"}},
{"type":"Feature","geometry":{"type":"MultiPolygon","coordinates":[[[[-95.3960502,29.7228059],[-95.3959858,29.7227656],[-95.3959079,29.7228596],[-95.3959395,29.7228793],[-95.395917,29.7229065],[-95.3959498,29.722927],[-95.3960502,29.7228059]]]]},"properties":{"building":"yes"}},
{"type":"Feature","geometry":{"type":"MultiPolygon","coordinates":[[[[-95.3957598,29.7228852],[-95.395684,29.7228381],[-95.3956368,29.7228956],[-95.3956679,29.7229149],[-95.3956025,29.7229943],[-95.3956471,29.723022],[-95.3957598,29.7228852]]]]},"properties":{"building":"yes"}},
{"type":"Feature","geometry":{"type":"MultiPolygon","coordinates":[[[[-95.4047129,29.7207706],[-95.4046996,29.7207427],[-95.4046849,29.720748],[-95.4046814,29.7207406],[-95.4046704,29.7207446],[-95.4046664,29.720736],[-95.4046351,29.7207473],[-95.4046392,29.7207558],[-95.4046276,29.72076],[-95.4046221,29.7207486],[-95.4045774,29.7207648],[-95.4045828,29.7207761],[-95.4045627,29.7207834],[-95.4045847,29.7208296],[-95.4046166,29.7208182],[-95.404621,29.7208273],[-95.4046458,29.7208183],[-95.4046415,29.7208092],[-95.4046639,29.7208011],[-95.404667,29.7208077],[-95.404686,29.7208009],[-95.4046829,29.7207943],[-95.4047035,29.7207869],[-95.4046982,29.7207759],[-95.4047129,29.7207706]]]]},"properties":{"building":"yes"}},
{"type":"Feature","geometry":{"type":"MultiPolygon","coordinates":[[[[-95.4046351,29.7205807],[-95.4046087,29.7205254],[-95.4045542,29.720545],[-95.4045489,29.7205339],[-95.4045406,29.7205369],[-95.4045264,29.7205074],[-95.40449,29.7205205],[-95.4045041,29.72055],[-95.4044124,29.7205831],[-95.4044177,29.7205941],[-95.4043709,29.720611],[-95.4043973,29.7206664],[-95.4044442,29.7206495],[-95.4044504,29.7206625],[-95.4044786,29.7206523],[-95.4044956,29.7206879],[-95.4045642,29.7206632],[-95.4045472,29.7206276],[-95.4045868,29.7206133],[-95.4045806,29.7206004],[-95.4046351,29.7205807]]]]},"properties":{"building":"house"}},
{"type":"Feature","geometry":{"type":"MultiPolygon","coordinates":[[[[-95.4054116,29.7205213],[-95.4053839,29.7204634],[-95.4052862,29.7204986],[-95.4052469,29.7204163],[-95.4052788,29.7204049],[-95.4052146,29.7202705],[-95.4051487,29.7202942],[-95.405155,29.7203074],[-95.4050589,29.720342],[-95.4050953,29.7204184],[-95.4051129,29.720412],[-95.4051736,29.7205391],[-95.4050937,29.7205679],[-95.4051214,29.7206258],[-95.4054116,29.7205213]]]]},"properties":{"building":"house"}},
{"type":"Feature","geometry":{"type":"MultiPolygon","coordinates":[[[[-95.4057388,29.7203967],[-95.4057172,29.7203515],[-95.405653,29.7203746],[-95.4056746,29.7204198],[-95.4057388,29.7203967]]]]},"properties":{"building":"yes"}},
{"type":"Feature","geometry":{"type":"MultiPolygon","coordinates":[[[[-95.4046317,29.7209808],[-95.4046054,29.7209285],[-95.4045828,29.7209371],[-95.4046091,29.7209894],[-95.4046317,29.7209808]]]]},"properties":{"building":"yes"}},
{"type":"Feature","geometry":{"type":"MultiPolygon","coordinates":[[[[-95.4045834,29.7209552],[-95.4045514,29.7208916],[-95.4044882,29.7209156],[-95.4045203,29.7209792],[-95.4045834,29.7209552]]]]},"properties":{"building":"garage"}},
{"type":"Feature","geometry":{"type":"MultiPolygon","coordinates":[[[[-95.4046927,29.721092],[-95.4046545,29.7210163],[-95.4045319,29.7210629],[-95.40457,29.7211386],[-95.4046927,29.721092]]]]},"properties":{"building":"house"}},
{"type":"Feature","geometry":{"type":"MultiPolygon","coordinates":[[[[-95.4048034,29.7208905],[-95.4047646,29.7208135],[-95.4047182,29.7208311],[-95.404757,29.7209082],[-95.4048034,29.7208905]]]]},"properties":{"building":"garage"}},
{"type":"Feature","geometry":{"type":"MultiPolygon","coordinates":[[[[-95.4048745,29.7210367],[-95.4048328,29.7209539],[-95.4047919,29.7209694],[-95.4047672,29.7209202],[-95.4047112,29.7209415],[-95.4047407,29.7210001],[-95.4047315,29.7210036],[-95.4047558,29.7210519],[-95.404811,29.7210309],[-95.4048236,29.721056],[-95.4048745,29.7210367]]]]},"properties":{"building":"house"}},
{"type":"Feature","geometry":{"type":"MultiPolygon","coordinates":[[[[-95.4048825,29.7208515],[-95.4048606,29.7208039],[-95.404796,29.7208044],[-95.4048054,29.720823],[-95.4048273,29.7208707],[-95.4048825,29.7208515]]]]},"properties":{"building":"garage"}},
{"type":"Feature","geometry":{"type":"MultiPolygon","coordinates":[[[[-95.4050562,29.7209884],[-95.4049976,29.720861],[-95.4049875,29.7208645],[-95.4049771,29.7208419],[-95.4049375,29.7208556],[-95.4049479,29.7208783],[-95.4049054,29.720893],[-95.4048933,29.7208668],[-95.4048382,29.7208859],[-95.4048503,29.7209121],[-95.404847,29.7209133],[-95.4049055,29.7210406],[-95.4050562,29.7209884]]]]},"properties":{"building":"house"}},
{"type":"Feature","geometry":{"type":"MultiPolygon","coordinates":[[[[-95.4052071,29.7209313],[-95.4051885,29.7208909],[-95.4051963,29.7208882],[-95.4051699,29.7208307],[-95.405162,29.7208334],[-95.4051257,29.7207544],[-95.4050739,29.7207724],[-95.4050555,29.7207322],[-95.4049717,29.7207613],[-95.4050166,29.720859],[-95.4050585,29.7208445],[-95.4051134,29.7209638],[-95.4052071,29.7209313]]]]},"properties":{"building":"house"}},
{"type":"Feature","geometry":{"type":"MultiPolygon","coordinates":[[[[-95.4053626,29.720862],[-95.4053316,29.7207945],[-95.4052191,29.7208335],[-95.4052502,29.720901],[-95.4053626,29.720862]]]]},"properties":{"building":"house"}},
{"type":"Feature","geometry":{"type":"MultiPolygon","coordinates":[[[[-95.4055685,29.7207915],[-95.4055401,29.7207297],[-95.4055467,29.7207274],[-95.4054667,29.7205533],[-95.4053837,29.7205821],[-95.4054131,29.720646],[-95.4053783,29.720658],[-95.4054035,29.7207129],[-95.4054673,29.7206908],[-95.4054887,29.7207373],[-95.4054062,29.7207659],[-95.4054387,29.7208365],[-95.4055685,29.7207915]]]]},"properties":{"building":"house"}},
{"type":"Feature","geometry":{"type":"MultiPolygon","coordinates":[[[[-95.4057484,29.7205091],[-95.4057209,29.7204492],[-95.4056639,29.7204689],[-95.4056914,29.7205289],[-95.4057484,29.7205091]]]]},"properties":{"building":"garage"}},
{"type":"Feature","geometry":{"type":"MultiPolygon","coordinates":[[[[-95.4059455,29.7206338],[-95.4059175,29.7205729],[-95.4059036,29.7205778],[-95.4058274,29.7204119],[-95.4057562,29.7204365],[-95.4057738,29.7204748],[-95.4057819,29.720472],[-95.4058084,29.7205296],[-95.405802,29.7205318],[-95.4058125,29.7205545],[-95.4058041,29.7205574],[-95.4058344,29.7206233],[-95.4057962,29.7206366],[-95.4058201,29.7206885],[-95.4058278,29.7206858],[-95.4058528,29.7207402],[-95.4059159,29.7207183],[-95.4058908,29.7206638],[-95.4059187,29.7206542],[-95.4059143,29.7206446],[-95.4059455,29.7206338]]]]},"properties":{"building":"house"}},
{"type":"Feature","geometry":{"type":"MultiPolygon","coordinates":[[[[-95.4049006,29.7214409],[-95.4048766,29.7213911],[-95.4048307,29.7214078],[-95.4048241,29.721394],[-95.4048152,29.7213973],[-95.4048088,29.7213839],[-95.4047611,29.7214013],[-95.4047676,29.7214146],[-95.4047196,29.7214321],[-95.4047554,29.7215062],[-95.4047517,29.7215076],[-95.4047699,29.7215451],[-95.4047735,29.7215438],[-95.4047934,29.7215849],[-95.4048979,29.7215468],[-95.4048548,29.7214575],[-95.4049006,29.7214409]]]]},"properties":{"building":"house"}},
{"type":"Feature","geometry":{"type":"MultiPolygon","coordinates":[[[[-95.4049596,29.7216272],[-95.404936,29.7215783],[-95.4048416,29.7216126],[-95.4048652,29.7216616],[-95.4049596,29.7216272]]]]},"properties":{"building":"house"}},
{"type":"Feature","geometry":{"type":"MultiPolygon","coordinates":[[[[-95.4051527,29.7215538],[-95.4051176,29.7214811],[-95.404969,29.7215352],[-95.4050042,29.721608],[-95.4051527,29.7215538]]]]},"properties":{"building":"garage"}},
{"type":"Feature","geometry":{"type":"MultiPolygon","coordinates":[[[[-95.405083,29.7214205],[-95.4050656,29.7213844],[-95.4050712,29.7213824],[-95.4050381,29.7213139],[-95.4050325,29.7213159],[-95.4050301,29.721311],[-95.4049261,29.7213488],[-95.4049285,29.7213538],[-95.4048937,29.7213665],[-95.4049268,29.721435],[-95.4049616,29.7214223],[-95.404979,29.7214584],[-95.405083,29.7214205]]]]},"properties":{"addr:housenumber":"1906","addr:street":"Bolsover Street","building":"house","building:levels":"2"}},
{"type":"Feature","geometry":{"type":"MultiPolygon","coordinates":[[[[-95.405278,29.7213839],[-95.405211,29.721245],[-95.4050815,29.7212922],[-95.4051238,29.7213797],[-95.4051803,29.7213591],[-95.4052051,29.7214104],[-95.405278,29.7213839]]]]},"properties":{"addr:housenumber":"1912","addr:street":"Bolsover Street","building":"house","building:levels":"2"}},
{"type":"Feature","geometry":{"type":"MultiPolygon","coordinates":[[[[-95.4053224,29.7214671],[-95.4052909,29.7214022],[-95.405201,29.721435],[-95.4052325,29.7214999],[-95.4053224,29.7214671]]]]},"properties":{"building":"garage"}},
{"type":"Feature","geometry":{"type":"MultiPolygon","coordinates":[[[[-95.4054357,29.7213302],[-95.4053689,29.7211924],[-95.4052754,29.7212266],[-95.4052815,29.721239],[-95.4052499,29.7212506],[-95.4052708,29.7212935],[-95.4053023,29.721282],[-95.4053423,29.7213644],[-95.4054357,29.7213302]]]]},"properties":{"addr:housenumber":"1916","addr:street":"Bolsover Street","building":"house","building:levels":"2"}},
{"type":"Feature","geometry":{"type":"MultiPolygon","coordinates":[[[[-95.405653,29.7213279],[-95.405592,29.7212021],[-95.4055966,29.7212003],[-95.4055566,29.7211178],[-95.4054632,29.721152],[-95.4054698,29.7211656],[-95.4054155,29.7211855],[-95.4054444,29.7212452],[-95.4054987,29.7212253],[-95.4055032,29.7212345],[-95.4055099,29.721232],[-95.4055332,29.7212799],[-95.4054866,29.7212969],[-95.4055383,29.7214036],[-95.4056034,29.7213798],[-95.4055895,29.7213511],[-95.405653,29.7213279]]]]},"properties":{"addr:housenumber":"1920","addr:street":"Bolsover Street","building":"house","building:levels":"2"}},
{"type":"Feature","geometry":{"type":"MultiPolygon","coordinates":[[[[-95.4057609,29.7211212],[-95.4057271,29.7210513],[-95.4056155,29.7210921],[-95.4056236,29.721109],[-95.4055903,29.7211212],[-95.40561,29.7211619],[-95.4056434,29.7211497],[-95.4056753,29.7212153],[-95.4057448,29.7211899],[-95.4057189,29.7211365],[-95.4057609,29.7211212]]]]},"properties":{"addr:housenumber":"1924","addr:street":"Bolsover Street","building":"house","building:levels":"2"}},
{"type":"Feature","geometry":{"type":"MultiPolygon","coordinates":[[[[-95.405942,29.7212382],[-95.4059062,29.7211646],[-95.4058213,29.7211957],[-95.405857,29.7212693],[-95.405942,29.7212382]]]]},"properties":{"building":"garage"}},
{"type":"Feature","geometry":{"type":"MultiPolygon","coordinates":[[[[-95.40594,29.7210652],[-95.4058988,29.7209805],[-95.4058535,29.7209971],[-95.4058468,29.7209831],[-95.4058169,29.7209941],[-95.4058237,29.721008],[-95.4057804,29.7210239],[-95.4057845,29.7210324],[-95.4057576,29.7210422],[-95.405777,29.7210821],[-95.4058039,29.7210723],[-95.4058091,29.7210831],[-95.405781,29.7210934],[-95.4058126,29.7211584],[-95.4058562,29.7211424],[-95.4058456,29.7211206],[-95.4058689,29.7211121],[-95.4058789,29.7211328],[-95.4059371,29.7211115],[-95.4059185,29.7210731],[-95.40594,29.7210652]]]]},"properties":{"building":"house"}},
{"type":"Feature","geometry":{"type":"MultiPolygon","coordinates":[[[[-95.4061895,29.7211508],[-95.4060828,29.7209316],[-95.4059413,29.7209835],[-95.405993,29.7210897],[-95.4060953,29.7210522],[-95.4061201,29.7211031],[-95.4060158,29.7211414],[-95.406046,29.7212034],[-95.4061895,29.7211508]]]]},"properties":{"building":"house"}},
{"type":"Feature","geometry":{"type":"MultiPolygon","coordinates":[[[[-95.4051306,29.7218799],[-95.405054,29.7217247],[-95.4050436,29.7217285],[-95.4050324,29.7217057],[-95.405045,29.721701],[-95.4050146,29.7216394],[-95.4048702,29.7216932],[-95.4049006,29.7217547],[-95.4049756,29.7217268],[-95.4049868,29.7217497],[-95.4049435,29.7217658],[-95.4049899,29.7218598],[-95.4049657,29.7218689],[-95.4050043,29.7219471],[-95.4050595,29.7219265],[-95.4050567,29.7219207],[-95.405091,29.7219079],[-95.4050855,29.7218967],[-95.4051306,29.7218799]]]]},"properties":{"building":"house"}},
{"type":"Feature","geometry":{"type":"MultiPolygon","coordinates":[[[[-95.4054381,29.7217648],[-95.4053959,29.7216793],[-95.4054185,29.7216709],[-95.4053874,29.721608],[-95.405339,29.721626],[-95.4053595,29.7216677],[-95.4052872,29.7216946],[-95.4053398,29.7218013],[-95.4054381,29.7217648]]]]},"properties":{"building":"house"}},
{"type":"Feature","geometry":{"type":"MultiPolygon","coordinates":[[[[-95.4056094,29.7216691],[-95.4055889,29.7216276],[-95.4055993,29.7216237],[-95.4055734,29.7215712],[-95.4055599,29.7215762],[-95.4055469,29.7215498],[-95.4055669,29.7215424],[-95.4055261,29.7214597],[-95.4054625,29.7214834],[-95.4055033,29.721566],[-95.4055171,29.7215609],[-95.4055301,29.7215873],[-95.4054605,29.7216132],[-95.4054864,29.7216657],[-95.4054906,29.7216642],[-95.4055269,29.7217378],[-95.4055817,29.7217175],[-95.4055658,29.7216853],[-95.4056094,29.7216691]]]]},"properties":{"building":"house"}},
{"type":"Feature","geometry":{"type":"MultiPolygon","coordinates":[[[[-95.4058099,29.7216243],[-95.4056946,29.7214065],[-95.4056275,29.7214333],[-95.4056497,29.7214752],[-95.4056335,29.7214817],[-95.4057173,29.72164],[-95.4057335,29.7216336],[-95.4057428,29.7216511],[-95.4058099,29.7216243]]]]},"properties":{"building":"house"}},
{"type":"Feature","geometry":{"type":"MultiPolygon","coordinates":[[[[-95.406145,29.7214677],[-95.4061271,29.7214339],[-95.4061185,29.7214373],[-95.4060964,29.7213957],[-95.4060147,29.7214284],[-95.4059432,29.7212934],[-95.4058875,29.7213157],[-95.4060023,29.7215325],[-95.4060335,29.72152],[-95.4060356,29.721524],[-95.4060499,29.7215183],[-95.4060478,29.7215143],[-95.4060715,29.7215048],[-95.406074,29.7215095],[-95.4060929,29.721502],[-95.4060904,29.7214973],[-95.4060971,29.7214946],[-95.4061029,29.7215055],[-95.406119,29.7214991],[-95.4061132,29.7214882],[-95.4061398,29.7214776],[-95.4061364,29.7214712],[-95.406145,29.7214677]]]]},"properties":{"building":"house"}},
{"type":"Feature","geometry":{"type":"MultiPolygon","coordinates":[[[[-95.4063877,29.7213932],[-95.4063408,29.7213047],[-95.4063405,29.7213048],[-95.4062752,29.7211817],[-95.4061761,29.7212214],[-95.4062414,29.7213444],[-95.4061706,29.7213727],[-95.4062176,29.7214612],[-95.4063877,29.7213932]]]]},"properties":{"building":"house"}},
{"type":"Feature","geometry":{"type":"MultiPolygon","coordinates":[[[[-95.4058509,29.7220883],[-95.4058147,29.7220161],[-95.4058046,29.7220199],[-95.405775,29.7219609],[-95.405756,29.7219681],[-95.405747,29.72195],[-95.405712,29.7219632],[-95.405721,29.7219813],[-95.4056522,29.7220073],[-95.4056818,29.7220664],[-95.405665,29.7220727],[-95.4057013,29.7221449],[-95.4057619,29.7221219],[-95.4057629,29.7221239],[-95.4057997,29.72211],[-95.4057987,29.7221081],[-95.4058509,29.7220883]]]]},"properties":{"building":"house"}},
{"type":"Feature","geometry":{"type":"MultiPolygon","coordinates":[[[[-95.4058699,29.7221923],[-95.4058488,29.7221321],[-95.4057562,29.7221565],[-95.4057774,29.7222168],[-95.4058699,29.7221923]]]]},"properties":{"building":"yes"}},
{"type":"Feature","geometry":{"type":"MultiPolygon","coordinates":[[[[-95.4060231,29.7221531],[-95.4059982,29.7220873],[-95.4058801,29.7221211],[-95.4059051,29.7221868],[-95.4060231,29.7221531]]]]},"properties":{"building":"yes"}},
{"type":"Feature","geometry":{"type":"MultiPolygon","coordinates":[[[[-95.4059909,29.72199],[-95.405939,29.7218883],[-95.4058354,29.7219283],[-95.4058873,29.7220299],[-95.4059909,29.72199]]]]},"properties":{"building":"house"}},
{"type":"Feature","geometry":{"type":"MultiPolygon","coordinates":[[[[-95.4062417,29.7220681],[-95.406186,29.7219591],[-95.4061424,29.7219759],[-95.4061135,29.7219194],[-95.4061478,29.7219062],[-95.406107,29.7218263],[-95.4059657,29.7218807],[-95.4060855,29.7221154],[-95.4061471,29.7220916],[-95.4061526,29.7221024],[-95.4062417,29.7220681]]]]},"properties":{"building":"house"}},
{"type":"Feature","geometry":{"type":"MultiPolygon","coordinates":[[[[-95.4063879,29.7220179],[-95.4063456,29.7219353],[-95.4063155,29.7219469],[-95.4063578,29.7220296],[-95.4063879,29.7220179]]]]},"properties":{"building":"yes"}},
{"type":"Feature","geometry":{"type":"MultiPolygon","coordinates":[[[[-95.4063275,29.7219273],[-95.4062843,29.7218429],[-95.4063138,29.7218316],[-95.4062884,29.721782],[-95.4062172,29.7218095],[-95.4062082,29.7217921],[-95.4061562,29.7218121],[-95.4061656,29.7218305],[-95.4061906,29.7218794],[-95.4061994,29.721876],[-95.4062424,29.7219601],[-95.4063275,29.7219273]]]]},"properties":{"building":"house"}},
{"type":"Feature","geometry":{"type":"MultiPolygon","coordinates":[[[[-95.4065193,29.7217851],[-95.4064801,29.7217091],[-95.406409,29.7217367],[-95.4063976,29.7217146],[-95.4063151,29.7217467],[-95.4063705,29.7218541],[-95.4064791,29.7218119],[-95.4064743,29.7218025],[-95.4065193,29.7217851]]]]},"properties":{"building":"house"}},
{"type":"Feature","geometry":{"type":"MultiPolygon","coordinates":[[[[-95.4060325,29.7226253],[-95.4060299,29.7225537],[-95.4059219,29.7225566],[-95.4059245,29.7226283],[-95.4059292,29.7226281],[-95.4059335,29.7227466],[-95.4058129,29.7227499],[-95.4058152,29.7228146],[-95.4059358,29.7228113],[-95.4059364,29.7228268],[-95.4060198,29.7228245],[-95.4060192,29.722809],[-95.4060261,29.7228088],[-95.4060238,29.7227441],[-95.4060169,29.7227443],[-95.4060126,29.7226259],[-95.4060325,29.7226253]]]]},"properties":{"building":"house"}},
{"type":"Feature","geometry":{"type":"MultiPolygon","coordinates":[[[[-95.4062585,29.7227767],[-95.4062569,29.7227221],[-95.4062522,29.7227222],[-95.4062497,29.7226359],[-95.4062403,29.7226361],[-95.4062393,29.7226038],[-95.4062498,29.7225782],[-95.4062359,29.7225689],[-95.4062461,29.7225483],[-95.4061887,29.7225269],[-95.40615,29.7225943],[-95.4062119,29.7226174],[-95.4062124,29.7226367],[-95.4061968,29.722637],[-95.4061984,29.7226934],[-95.4061395,29.7226946],[-95.4061384,29.7226576],[-95.4061161,29.7226581],[-95.406115,29.7226195],[-95.4060503,29.7226209],[-95.4060546,29.7227767],[-95.406078,29.7227762],[-95.4060794,29.7228239],[-95.4061328,29.7228228],[-95.406133,29.7228291],[-95.4061881,29.722828],[-95.4061879,29.7228216],[-95.4062457,29.7228204],[-95.4062445,29.722777],[-95.4062585,29.7227767]]]]},"properties":{"building":"house"}},
{"type":"Feature","geometry":{"type":"MultiPolygon","coordinates":[[[[-95.4064885,29.7227773],[-95.4064833,29.7225917],[-95.4064842,29.7225917],[-95.4064818,29.7225059],[-95.4064056,29.7225076],[-95.4064078,29.7225858],[-95.4063839,29.7225863],[-95.4063869,29.7226956],[-95.4063416,29.7226966],[-95.4063414,29.72269],[-95.4062887,29.7226911],[-95.4062922,29.7228169],[-95.406345,29.7228157],[-95.4063438,29.722774],[-95.4063891,29.7227731],[-95.4063893,29.7227794],[-95.4064885,29.7227773]]]]},"properties":{"building":"house"}},
{"type":"Feature","geometry":{"type":"MultiPolygon","coordinates":[[[[-95.4066239,29.7225514],[-95.4066221,29.7224871],[-95.4065046,29.7224896],[-95.4065064,29.7225539],[-95.4066239,29.7225514]]]]},"properties":{"building":"garage"}},
{"type":"Feature","geometry":{"type":"MultiPolygon","coordinates":[[[[-95.4067138,29.7227831],[-95.4067112,29.7226908],[-95.4066412,29.7226923],[-95.4066402,29.7226563],[-95.4065904,29.7226574],[-95.4065914,29.7226934],[-95.4065462,29.7226943],[-95.4065488,29.7227866],[-95.4067138,29.7227831]]]]},"properties":{"building":"house"}},
{"type":"Feature","geometry":{"type":"MultiPolygon","coordinates":[[[[-95.4041842,29.7213209],[-95.4040721,29.7210971],[-95.4039912,29.7211277],[-95.4040339,29.7212129],[-95.4039792,29.7212336],[-95.4040486,29.7213721],[-95.4041842,29.7213209]]]]},"properties":{"building":"house"}},
{"type":"Feature","geometry":{"type":"MultiPolygon","coordinates":[[[[-95.40433,29.7212504],[-95.4042743,29.721139],[-95.4041811,29.7211741],[-95.4042367,29.7212855],[-95.40433,29.7212504]]]]},"properties":{"building":"house"}},
{"type":"Feature","geometry":{"type":"MultiPolygon","coordinates":[[[[-95.4042341,29.7210693],[-95.4042117,29.7210246],[-95.4041053,29.7210647],[-95.4041277,29.7211094],[-95.4042341,29.7210693]]]]},"properties":{"building":"yes"}},
{"type":"Feature","geometry":{"type":"MultiPolygon","coordinates":[[[[-95.4042502,29.7209692],[-95.4042179,29.7209112],[-95.4041006,29.7209604],[-95.4041329,29.7210184],[-95.4042502,29.7209692]]]]},"properties":{"building":"yes"}},
{"type":"Feature","geometry":{"type":"MultiPolygon","coordinates":[[[[-95.404098,29.7210326],[-95.4040626,29.7209691],[-95.4039585,29.7210128],[-95.4039938,29.7210763],[-95.404098,29.7210326]]]]},"properties":{"building":"yes"}},
{"type":"Feature","geometry":{"type":"MultiPolygon","coordinates":[[[[-95.4041181,29.7208032],[-95.4040796,29.7207341],[-95.4040085,29.7207639],[-95.4039859,29.7207233],[-95.4036359,29.7208702],[-95.4036842,29.7209569],[-95.4037462,29.7209309],[-95.4037518,29.7209409],[-95.4038331,29.7209068],[-95.4038275,29.7208968],[-95.4039576,29.7208422],[-95.4039994,29.7209174],[-95.4040745,29.7208859],[-95.4040454,29.7208337],[-95.4041181,29.7208032]]]]},"properties":{"addr:housenumber":"1816","building":"house"}},
{"type":"Feature","geometry":{"type":"MultiPolygon","coordinates":[[[[-95.4037097,29.7220948],[-95.4036713,29.7220177],[-95.4036531,29.7220245],[-95.4036541,29.7220187],[-95.4036536,29.7220098],[-95.4036509,29.7220012],[-95.4036475,29.7219957],[-95.4036435,29.7219903],[-95.4036395,29.7219862],[-95.4036336,29.7219821],[-95.4037017,29.7219562],[-95.4036516,29.7218557],[-95.4035206,29.721905],[-95.4035591,29.7219821],[-95.403538,29.72199],[-95.4035609,29.7220359],[-95.4035126,29.7220541],[-95.4035224,29.7220737],[-95.403522,29.7220739],[-95.4035604,29.722151],[-95.4037097,29.7220948]]]]},"properties":{"addr:housenumber":"1804","addr:street":"Bolsover Street","building":"house","building:levels":"2"}},
{"type":"Feature","geometry":{"type":"MultiPolygon","coordinates":[[[[-95.4039028,29.7220121],[-95.4038837,29.7219737],[-95.4038961,29.721969],[-95.4038157,29.7218076],[-95.4037922,29.7218165],[-95.4037855,29.7218031],[-95.4037593,29.721813],[-95.403766,29.7218263],[-95.4037271,29.7218409],[-95.4037383,29.7218633],[-95.4037111,29.7218735],[-95.4037995,29.722051],[-95.4039028,29.7220121]]]]},"properties":{"addr:housenumber":"1810","addr:street":"Bolsover Street","building":"house","building:levels":"2","roof:levels":"1"}},
{"type":"Feature","geometry":{"type":"MultiPolygon","coordinates":[[[[-95.4040772,29.7219562],[-95.4039717,29.7217446],[-95.4039202,29.721764],[-95.4039103,29.7217443],[-95.4038733,29.7217582],[-95.4038831,29.7217779],[-95.4038519,29.7217897],[-95.4039574,29.7220013],[-95.4040772,29.7219562]]]]},"properties":{"building":"house"}},
{"type":"Feature","geometry":{"type":"MultiPolygon","coordinates":[[[[-95.4041684,29.7217955],[-95.4041201,29.7216986],[-95.4040141,29.7217384],[-95.4040625,29.7218353],[-95.4041684,29.7217955]]]]},"properties":{"building":"house"}},
{"type":"Feature","geometry":{"type":"MultiPolygon","coordinates":[[[[-95.404332,29.7218584],[-95.4042936,29.7217814],[-95.404222,29.7218083],[-95.4042604,29.7218853],[-95.404332,29.7218584]]]]},"properties":{"building":"garage"}},
{"type":"Feature","geometry":{"type":"MultiPolygon","coordinates":[[[[-95.4043454,29.7216499],[-95.4043248,29.7216087],[-95.4042657,29.7216309],[-95.4042572,29.7216139],[-95.4041737,29.7216453],[-95.404219,29.721736],[-95.4043025,29.7217047],[-95.4042863,29.7216721],[-95.4043454,29.7216499]]]]},"properties":{"building":"house"}},
{"type":"Feature","geometry":{"type":"MultiPolygon","coordinates":[[[[-95.4045331,29.7217804],[-95.404501,29.7217158],[-95.404474,29.7217259],[-95.404446,29.7216697],[-95.4044059,29.7216848],[-95.404434,29.721741],[-95.4044098,29.7217501],[-95.404442,29.7218146],[-95.4045331,29.7217804]]]]},"properties":{"building":"garage"}},
{"type":"Feature","geometry":{"type":"MultiPolygon","coordinates":[[[[-95.4045318,29.7216126],[-95.4044934,29.7215356],[-95.4043633,29.7215845],[-95.4044017,29.7216616],[-95.4045318,29.7216126]]]]},"properties":{"building":"garage"}},
{"type":"Feature","geometry":{"type":"MultiPolygon","coordinates":[[[[-95.4036015,29.7222482],[-95.4035716,29.7221926],[-95.4035135,29.7222163],[-95.4035434,29.7222718],[-95.4036015,29.7222482]]]]},"properties":{"building":"garage"}},
{"type":"Feature","geometry":{"type":"MultiPolygon","coordinates":[[[[-95.4036927,29.7224037],[-95.403648,29.7223208],[-95.4036304,29.7223279],[-95.403605,29.7222808],[-95.4035153,29.7223173],[-95.4035407,29.7223644],[-95.4035255,29.7223706],[-95.4035702,29.7224535],[-95.4035825,29.7224485],[-95.403586,29.7224549],[-95.4036038,29.7224477],[-95.4036003,29.7224413],[-95.4036446,29.7224233],[-95.4036534,29.7224396],[-95.4036852,29.7224266],[-95.4036765,29.7224104],[-95.4036927,29.7224037]]]]},"properties":{"building":"house"}},
{"type":"Feature","geometry":{"type":"MultiPolygon","coordinates":[[[[-95.4038691,29.7223635],[-95.4037893,29.7222155],[-95.4037175,29.7222447],[-95.4036867,29.7221876],[-95.4036225,29.7222136],[-95.4037282,29.7224097],[-95.4038175,29.7223734],[-95.4038224,29.7223825],[-95.4038691,29.7223635]]]]},"properties":{"building":"house"}},
{"type":"Feature","geometry":{"type":"MultiPolygon","coordinates":[[[[-95.404041,29.7222823],[-95.4039978,29.722202],[-95.4039958,29.7222028],[-95.4039752,29.7221647],[-95.4039262,29.7221846],[-95.4039467,29.7222227],[-95.4038983,29.7222424],[-95.4038759,29.7222009],[-95.4038331,29.7222183],[-95.40386,29.7222683],[-95.4038618,29.7222675],[-95.4039004,29.7223394],[-95.404041,29.7222823]]]]},"properties":{"building":"house"}},
{"type":"Feature","geometry":{"type":"MultiPolygon","coordinates":[[[[-95.4041564,29.7222147],[-95.4041033,29.722116],[-95.4040809,29.7221251],[-95.4040663,29.7220981],[-95.4040831,29.7220913],[-95.404092,29.7221077],[-95.4041524,29.7220831],[-95.4040989,29.7219837],[-95.4039387,29.7220487],[-95.4040412,29.7222392],[-95.4040894,29.7222196],[-95.4040993,29.7222379],[-95.4041564,29.7222147]]]]},"properties":{"building":"house"}},
{"type":"Feature","geometry":{"type":"MultiPolygon","coordinates":[[[[-95.4043655,29.7221705],[-95.4043311,29.7221004],[-95.4043315,29.7221002],[-95.4043127,29.722062],[-95.4043373,29.7220529],[-95.4042725,29.7219208],[-95.4042019,29.7219469],[-95.4042168,29.7219773],[-95.4041938,29.7220214],[-95.404248,29.7220407],[-95.4042668,29.722079],[-95.4042676,29.7220787],[-95.4042823,29.7221086],[-95.404222,29.7221309],[-95.4042605,29.7222094],[-95.4043655,29.7221705]]]]},"properties":{"building":"house"}},
{"type":"Feature","geometry":{"type":"MultiPolygon","coordinates":[[[[-95.4044852,29.7219269],[-95.4044527,29.7218607],[-95.4043451,29.7219006],[-95.4043776,29.7219667],[-95.4044852,29.7219269]]]]},"properties":{"building":"garage"}},
{"type":"Feature","geometry":{"type":"MultiPolygon","coordinates":[[[[-95.4045596,29.7220939],[-95.4045148,29.7220027],[-95.4044741,29.7220178],[-95.4044662,29.7220017],[-95.4044092,29.7220228],[-95.4044285,29.7220622],[-95.4043817,29.7220795],[-95.4044153,29.7221478],[-95.4044596,29.7221314],[-95.4044634,29.722139],[-95.4045004,29.7221253],[-95.4044964,29.7221173],[-95.4045596,29.7220939]]]]},"properties":{"building":"house"}},
{"type":"Feature","geometry":{"type":"MultiPolygon","coordinates":[[[[-95.4045948,29.7218863],[-95.4045588,29.7218138],[-95.4044648,29.7218491],[-95.4045008,29.7219216],[-95.4045948,29.7218863]]]]},"properties":{"building":"garage"}},
{"type":"Feature","geometry":{"type":"MultiPolygon","coordinates":[[[[-95.4047337,29.7220157],[-95.4046791,29.721906],[-95.4046351,29.7219225],[-95.4046422,29.7219369],[-95.404537,29.7219764],[-95.4045843,29.7220716],[-95.4047337,29.7220157]]]]},"properties":{"building":"house"}},
{"type":"Feature","geometry":{"type":"MultiPolygon","coordinates":[[[[-95.4044648,29.7225642],[-95.4044129,29.7224644],[-95.404277,29.7225176],[-95.4043077,29.7225768],[-95.4042596,29.7225956],[-95.4043026,29.7226785],[-95.4043803,29.722648],[-95.4043584,29.7226058],[-95.4044648,29.7225642]]]]},"properties":{"building":"house"}},
{"type":"Feature","geometry":{"type":"MultiPolygon","coordinates":[[[[-95.4046552,29.7224838],[-95.4046098,29.7223964],[-95.404458,29.7224559],[-95.4045034,29.7225432],[-95.4046552,29.7224838]]]]},"properties":{"building":"house"}},
{"type":"Feature","geometry":{"type":"MultiPolygon","coordinates":[[[[-95.4049535,29.7225161],[-95.404818,29.7222552],[-95.4046565,29.7223184],[-95.404792,29.7225793],[-95.4049535,29.7225161]]]]},"properties":{"building":"yes"}},
{"type":"Feature","geometry":{"type":"MultiPolygon","coordinates":[[[[-95.4037982,29.722743],[-95.4037372,29.722743],[-95.4037372,29.7227855],[-95.4037238,29.7227855],[-95.4037238,29.7227587],[-95.4036889,29.7227587],[-95.4036889,29.7227855],[-95.4036313,29.7227855],[-95.4036313,29.7228501],[-95.4037406,29.7228501],[-95.4037406,29.7228029],[-95.4037982,29.7228029],[-95.4037982,29.722743]]]]},"properties":{"building":"house"}},
{"type":"Feature","geometry":{"type":"MultiPolygon","coordinates":[[[[-95.4039994,29.7227779],[-95.4039136,29.7227779],[-95.4039136,29.7227447],[-95.4038405,29.7227447],[-95.4038405,29.7228664],[-95.4039136,29.7228664],[-95.4039136,29.722846],[-95.4039994,29.722846],[-95.4039994,29.7227779]]]]},"properties":{"building":"house"}},
{"type":"Feature","geometry":{"type":"MultiPolygon","coordinates":[[[[-95.4041,29.7226201],[-95.4040296,29.7226201],[-95.4040296,29.7226678],[-95.404039,29.7226678],[-95.404039,29.722676],[-95.4040591,29.722676],[-95.4040591,29.7226678],[-95.4040705,29.7226678],[-95.4040705,29.7226766],[-95.4040953,29.7226766],[-95.4040953,29.7226678],[-95.4041,29.7226678],[-95.4041,29.7226201]]]]},"properties":{"building":"house"}},
{"type":"Feature","geometry":{"type":"MultiPolygon","coordinates":[[[[-95.4042327,29.7227552],[-95.4041764,29.7227552],[-95.4041764,29.7227191],[-95.4041288,29.7227191],[-95.4041288,29.7227552],[-95.4041161,29.7227552],[-95.4041161,29.7226882],[-95.4040644,29.7226882],[-95.4040644,29.7227616],[-95.4040651,29.7227616],[-95.4040651,29.7228076],[-95.4042327,29.7228076],[-95.4042327,29.7227552]]]]},"properties":{"building":"house"}},
{"type":"Feature","geometry":{"type":"MultiPolygon","coordinates":[[[[-95.4044969,29.7226911],[-95.4044406,29.7226911],[-95.4044406,29.7226999],[-95.4043816,29.7226999],[-95.4043816,29.7227278],[-95.404393,29.7227278],[-95.404393,29.7228402],[-95.404456,29.7228402],[-95.404456,29.7227482],[-95.4044969,29.7227482],[-95.4044969,29.7226911]]]]},"properties":{"building":"house"}},
{"type":"Feature","geometry":{"type":"MultiPolygon","coordinates":[[[[-95.4047564,29.7226445],[-95.4046994,29.7226445],[-95.4046994,29.7227354],[-95.4046639,29.7227354],[-95.4046639,29.7227523],[-95.4045828,29.7227523],[-95.4045828,29.7228414],[-95.4047068,29.7228414],[-95.4047068,29.7227598],[-95.4047564,29.7227598],[-95.4047564,29.7226445]]]]},"properties":{"building":"house"}},
{"type":"Feature","geometry":{"type":"MultiPolygon","coordinates":[[[[-95.4049154,29.7227866],[-95.4049137,29.7227125],[-95.4048445,29.7227137],[-95.4048442,29.7227012],[-95.4048558,29.722701],[-95.4048544,29.7226422],[-95.4048429,29.7226424],[-95.4048425,29.7226258],[-95.4048047,29.7226265],[-95.4048051,29.7226431],[-95.4047873,29.7226434],[-95.4047886,29.7227022],[-95.4048064,29.7227019],[-95.4048069,29.7227199],[-95.4047928,29.7227202],[-95.404794,29.7227732],[-95.4048081,29.722773],[-95.4048092,29.7228228],[-95.404847,29.7228222],[-95.4048465,29.7228011],[-95.4048771,29.7228006],[-95.4048768,29.7227873],[-95.4049154,29.7227866]]]]},"properties":{"building":"house"}},
{"type":"Feature","geometry":{"type":"MultiPolygon","coordinates":[[[[-95.4032905,29.7225503],[-95.4032896,29.7224572],[-95.4031327,29.7224583],[-95.4031336,29.7225514],[-95.4032905,29.7225503]]]]},"properties":{"building":"yes"}},
{"type":"Feature","geometry":{"type":"MultiPolygon","coordinates":[[[[-95.4028195,29.7223321],[-95.4028186,29.7222452],[-95.4028188,29.7222452],[-95.4028182,29.72219],[-95.4027224,29.7221908],[-95.4027229,29.7222377],[-95.4027109,29.7222378],[-95.4027119,29.722333],[-95.4028195,29.7223321]]]]},"properties":{"building":"yes"}},
{"type":"Feature","geometry":{"type":"MultiPolygon","coordinates":[[[[-95.4019945,29.7228212],[-95.4019925,29.7226323],[-95.4019447,29.7226327],[-95.4019428,29.7224572],[-95.4014259,29.7224613],[-95.4014277,29.7226368],[-95.4013857,29.7226371],[-95.4013876,29.722826],[-95.4019945,29.7228212]]]]},"properties":{"building":"yes"}},
{"type":"Feature","geometry":{"type":"MultiPolygon","coordinates":[[[[-95.4023141,29.722359],[-95.4023126,29.7222191],[-95.4022427,29.7222197],[-95.4022425,29.7222082],[-95.4021785,29.7222087],[-95.4021786,29.7222202],[-95.4021784,29.7222202],[-95.4021798,29.7223601],[-95.4022683,29.7223594],[-95.4022683,29.7223659],[-95.4023128,29.7223655],[-95.4023127,29.722359],[-95.4023141,29.722359]]]]},"properties":{"building":"yes"}},
{"type":"Feature","geometry":{"type":"MultiPolygon","coordinates":[[[[-95.4021703,29.7223187],[-95.4021691,29.7222052],[-95.4021679,29.7222052],[-95.4021678,29.72219],[-95.4021407,29.7221902],[-95.4021409,29.7222054],[-95.4020915,29.7222058],[-95.4020927,29.7223193],[-95.4021703,29.7223187]]]]},"properties":{"building":"yes"}},
{"type":"Feature","geometry":{"type":"MultiPolygon","coordinates":[[[[-95.4024722,29.7223542],[-95.4024708,29.722218],[-95.4024697,29.722218],[-95.4024695,29.722204],[-95.402394,29.7222046],[-95.4023941,29.7222186],[-95.4023233,29.7222191],[-95.4023246,29.7223368],[-95.4023233,29.7223368],[-95.4023236,29.7223653],[-95.4023944,29.7223647],[-95.4023943,29.7223549],[-95.4024722,29.7223542]]]]},"properties":{"building":"yes"}},
{"type":"Feature","geometry":{"type":"MultiPolygon","coordinates":[[[[-95.4014898,29.7223316],[-95.4014888,29.7222369],[-95.401488,29.7222369],[-95.4014875,29.7221903],[-95.4013957,29.7221911],[-95.4013962,29.7222376],[-95.4013846,29.7222377],[-95.4013856,29.7223324],[-95.4014898,29.7223316]]]]},"properties":{"building":"yes"}},
{"type":"Feature","geometry":{"type":"MultiPolygon","coordinates":[[[[-95.4014915,29.7224198],[-95.4014908,29.7223477],[-95.4013574,29.7223487],[-95.4013582,29.7224208],[-95.4014915,29.7224198]]]]},"properties":{"building":"yes"}},
{"type":"Feature","geometry":{"type":"MultiPolygon","coordinates":[[[[-95.401679,29.722293],[-95.4016779,29.7221961],[-95.4015522,29.7221971],[-95.4015532,29.722294],[-95.4015924,29.7222937],[-95.4015926,29.7223131],[-95.4016538,29.7223126],[-95.4016536,29.7222932],[-95.401679,29.722293]]]]},"properties":{"building":"yes"}},
{"type":"Feature","geometry":{"type":"MultiPolygon","coordinates":[[[[-95.401682,29.7224221],[-95.4016811,29.7223453],[-95.4015398,29.7223464],[-95.4015406,29.7224232],[-95.401682,29.7224221]]]]},"properties":{"building":"yes"}},
{"type":"Feature","geometry":{"type":"MultiPolygon","coordinates":[[[[-95.4018281,29.7223301],[-95.4018267,29.7221953],[-95.4017824,29.7221956],[-95.4017823,29.7221841],[-95.4017289,29.7221845],[-95.401729,29.722196],[-95.4017155,29.7221961],[-95.4017169,29.722331],[-95.4018281,29.7223301]]]]},"properties":{"building":"yes"}},
{"type":"Feature","geometry":{"type":"MultiPolygon","coordinates":[[[[-95.402027,29.7222599],[-95.4020263,29.7221937],[-95.4019063,29.7221947],[-95.401907,29.7222609],[-95.4019146,29.7222608],[-95.4019149,29.7222921],[-95.4020122,29.7222914],[-95.4020119,29.72226],[-95.402027,29.7222599]]]]},"properties":{"building":"yes"}},
{"type":"Feature","geometry":{"type":"MultiPolygon","coordinates":[[[[-95.4019234,29.7224139],[-95.4019229,29.7223668],[-95.4018496,29.7223673],[-95.4018501,29.7224145],[-95.4019234,29.7224139]]]]},"properties":{"building":"yes"}},
{"type":"Feature","geometry":{"type":"MultiPolygon","coordinates":[[[[-95.4021114,29.7224241],[-95.4021107,29.7223525],[-95.4020404,29.7223531],[-95.4020411,29.7224247],[-95.4021114,29.7224241]]]]},"properties":{"building":"yes"}},
{"type":"Feature","geometry":{"type":"MultiPolygon","coordinates":[[[[-95.4025682,29.7223782],[-95.4025661,29.7221726],[-95.4025049,29.722173],[-95.4025071,29.7223787],[-95.4025682,29.7223782]]]]},"properties":{"building":"yes"}},
{"type":"Feature","geometry":{"type":"MultiPolygon","coordinates":[[[[-95.4026626,29.722374],[-95.4026605,29.722173],[-95.4025741,29.7221737],[-95.4025762,29.7223747],[-95.4026626,29.722374]]]]},"properties":{"building":"yes"}},
{"type":"Feature","geometry":{"type":"MultiPolygon","coordinates":[[[[-95.4027525,29.7223938],[-95.4027521,29.7223561],[-95.4026962,29.7223566],[-95.4026966,29.7223943],[-95.4027525,29.7223938]]]]},"properties":{"building":"yes"}},
{"type":"Feature","geometry":{"type":"MultiPolygon","coordinates":[[[[-95.4028874,29.7223713],[-95.4028853,29.7221679],[-95.4028295,29.7221683],[-95.4028316,29.7223717],[-95.4028874,29.7223713]]]]},"properties":{"building":"yes"}},
{"type":"Feature","geometry":{"type":"MultiPolygon","coordinates":[[[[-95.4029657,29.7223694],[-95.4029636,29.7221685],[-95.4028946,29.7221691],[-95.4028968,29.7223699],[-95.4029657,29.7223694]]]]},"properties":{"building":"yes"}},
{"type":"Feature","geometry":{"type":"MultiPolygon","coordinates":[[[[-95.4031267,29.7223705],[-95.4031245,29.7221691],[-95.4029778,29.7221702],[-95.4029799,29.7223717],[-95.4031267,29.7223705]]]]},"properties":{"building":"yes"}},
{"type":"Feature","geometry":{"type":"MultiPolygon","coordinates":[[[[-95.4032903,29.7223705],[-95.4032882,29.7221713],[-95.403142,29.7221725],[-95.4031441,29.7223717],[-95.4032903,29.7223705]]]]},"properties":{"building":"yes"}},
{"type":"Feature","geometry":{"type":"MultiPolygon","coordinates":[[[[-95.4024754,29.7229412],[-95.4024722,29.7227747],[-95.4023912,29.7227759],[-95.4023928,29.7228557],[-95.4023084,29.7228569],[-95.4023076,29.7228133],[-95.4023207,29.7228131],[-95.4023196,29.7227578],[-95.4023004,29.7227581],[-95.4022996,29.7227132],[-95.402318,29.722713],[-95.402317,29.7226623],[-95.4023045,29.7226625],[-95.4023035,29.7226119],[-95.4023207,29.7226116],[-95.4023197,29.7225605],[-95.4021678,29.7225627],[-95.4021687,29.7226138],[-95.4021866,29.7226136],[-95.4021877,29.7226692],[-95.402196,29.7226691],[-95.4021968,29.7227116],[-95.4021825,29.7227118],[-95.4021835,29.7227659],[-95.4021974,29.7227657],[-95.4021982,29.7228094],[-95.4021852,29.7228096],[-95.4021861,29.722857],[-95.4021683,29.7228572],[-95.4021691,29.7229005],[-95.4021927,29.7229001],[-95.4021933,29.7229303],[-95.4021936,29.7229303],[-95.402194,29.7229511],[-95.4022175,29.7229508],[-95.4022177,29.7229617],[-95.402263,29.722961],[-95.4022628,29.7229501],[-95.4023153,29.7229494],[-95.4023149,29.7229285],[-95.4023941,29.7229274],[-95.4023944,29.7229424],[-95.4024754,29.7229412]]]]},"properties":{"building":"yes"}},
{"type":"Feature","geometry":{"type":"MultiPolygon","coordinates":[[[[-95.4023173,29.7224899],[-95.4023126,29.7224824],[-95.402312,29.722449],[-95.4022832,29.7224494],[-95.4022831,29.7224491],[-95.4021557,29.7224509],[-95.402157,29.7225191],[-95.4022844,29.7225173],[-95.4022945,29.7225155],[-95.4023046,29.7225138],[-95.4023119,29.7225091],[-95.402316,29.7224987],[-95.4023173,29.7224899]]]]},"properties":{"building":"yes"}},
{"type":"Feature","geometry":{"type":"MultiPolygon","coordinates":[[[[-95.4029832,29.722494],[-95.402982,29.7224308],[-95.4024735,29.7224381],[-95.4024747,29.7225013],[-95.4024886,29.7225011],[-95.4024888,29.7225121],[-95.4025312,29.7225115],[-95.402531,29.7225005],[-95.4026132,29.7224993],[-95.4026135,29.7225133],[-95.4026626,29.7225126],[-95.4026624,29.7224986],[-95.4028104,29.7224965],[-95.4028107,29.7225098],[-95.4028558,29.7225091],[-95.4028555,29.7224958],[-95.4029319,29.7224947],[-95.4029322,29.7225091],[-95.4029757,29.7225085],[-95.4029754,29.7224941],[-95.4029832,29.722494]]]]},"properties":{"building":"yes"}},
{"type":"Feature","geometry":{"type":"MultiPolygon","coordinates":[[[[-95.4024673,29.7227249],[-95.4024642,29.7225604],[-95.4024007,29.7225613],[-95.4024018,29.7226199],[-95.402384,29.7226202],[-95.402385,29.7226757],[-95.4024028,29.7226754],[-95.4024038,29.7227258],[-95.4024673,29.7227249]]]]},"properties":{"building":"yes"}},
{"type":"Feature","geometry":{"type":"MultiPolygon","coordinates":[[[[-95.4029939,29.7229284],[-95.4029869,29.7225637],[-95.4028906,29.722565],[-95.4028909,29.7225793],[-95.4028745,29.7225795],[-95.4028759,29.7226512],[-95.4028923,29.722651],[-95.4028926,29.7226692],[-95.4028769,29.7226695],[-95.4028786,29.7227549],[-95.4028942,29.7227547],[-95.402896,29.7228498],[-95.4028046,29.7228511],[-95.4028033,29.7227856],[-95.402672,29.7227875],[-95.4026733,29.722853],[-95.4025753,29.7228544],[-95.4025734,29.7227575],[-95.4025916,29.7227572],[-95.4025899,29.7226693],[-95.4025717,29.7226696],[-95.4025714,29.7226527],[-95.4025956,29.7226524],[-95.4025943,29.7225842],[-95.4025701,29.7225846],[-95.4025698,29.7225672],[-95.4024749,29.7225685],[-95.4024819,29.7229368],[-95.4025141,29.7229363],[-95.4025143,29.7229489],[-95.4025621,29.7229482],[-95.4025618,29.7229356],[-95.4025768,29.7229354],[-95.4025765,29.7229215],[-95.4028973,29.7229169],[-95.4028976,29.7229298],[-95.4029083,29.7229297],[-95.4029086,29.722943],[-95.4029496,29.7229424],[-95.4029494,29.7229291],[-95.4029939,29.7229284]]]]},"properties":{"building":"yes"}},
{"type":"Feature","geometry":{"type":"MultiPolygon","coordinates":[[[[-95.4031132,29.7227293],[-95.4031106,29.7225883],[-95.4030301,29.7225895],[-95.4030328,29.7227304],[-95.4031132,29.7227293]]]]},"properties":{"building":"yes"}},
{"type":"Feature","geometry":{"type":"MultiPolygon","coordinates":[[[[-95.4032112,29.722728],[-95.4032085,29.722586],[-95.4031199,29.7225873],[-95.4031226,29.7227293],[-95.4032112,29.722728]]]]},"properties":{"building":"yes"}},
{"type":"Feature","geometry":{"type":"MultiPolygon","coordinates":[[[[-95.4033252,29.7227266],[-95.4033225,29.7225848],[-95.4032178,29.7225863],[-95.4032205,29.7227281],[-95.4033252,29.7227266]]]]},"properties":{"building":"yes"}},
{"type":"Feature","geometry":{"type":"MultiPolygon","coordinates":[[[[-95.4031147,29.7229353],[-95.4031119,29.7227863],[-95.4030219,29.7227876],[-95.4030247,29.7229366],[-95.4031147,29.7229353]]]]},"properties":{"building":"yes"}},
{"type":"Feature","geometry":{"type":"MultiPolygon","coordinates":[[[[-95.4032166,29.7229306],[-95.4032138,29.7227875],[-95.4031226,29.7227888],[-95.4031253,29.7229319],[-95.4032166,29.7229306]]]]},"properties":{"building":"yes"}},
{"type":"Feature","geometry":{"type":"MultiPolygon","coordinates":[[[[-95.4033184,29.7229261],[-95.4033158,29.7227852],[-95.4032222,29.7227865],[-95.4032248,29.7229274],[-95.4033184,29.7229261]]]]},"properties":{"building":"yes"}},
{"type":"Feature","geometry":{"type":"MultiPolygon","coordinates":[[[[-95.4028762,29.721375],[-95.4028192,29.7212546],[-95.4028554,29.7212417],[-95.4028298,29.7211874],[-95.4028175,29.7211918],[-95.4027894,29.7211325],[-95.402744,29.7211487],[-95.4027388,29.7211375],[-95.4025869,29.7211916],[-95.4026241,29.7212702],[-95.4027095,29.7212397],[-95.4027155,29.7212524],[-95.4027146,29.7212528],[-95.4027369,29.7212998],[-95.4027582,29.7212922],[-95.402782,29.7213424],[-95.4026965,29.7213729],[-95.4027253,29.7214339],[-95.4027308,29.7214319],[-95.402739,29.7214493],[-95.4027904,29.721431],[-95.4027822,29.7214136],[-95.402832,29.7213958],[-95.4028299,29.7213916],[-95.4028762,29.721375]]]]},"properties":{"addr:housenumber":"1758","addr:street":"Rice Boulevard","building":"detached"}},
{"type":"Feature","geometry":{"type":"MultiPolygon","coordinates":[[[[-95.4032055,29.7211002],[-95.4031518,29.7209977],[-95.403084,29.7210245],[-95.4030951,29.7210458],[-95.403089,29.7210482],[-95.4030802,29.7210313],[-95.4030546,29.7210414],[-95.4030635,29.7210583],[-95.4029758,29.7210929],[-95.4030184,29.7211741],[-95.4032055,29.7211002]]]]},"properties":{"building":"detached"}},
{"type":"Feature","geometry":{"type":"MultiPolygon","coordinates":[[[[-95.4032296,29.7214245],[-95.4032283,29.7213419],[-95.4031277,29.7213431],[-95.4031282,29.721376],[-95.4030593,29.7213768],[-95.4030595,29.7213926],[-95.4029158,29.7213943],[-95.4029167,29.7214544],[-95.4030767,29.7214525],[-95.4030765,29.7214406],[-95.4031518,29.7214397],[-95.4031516,29.7214255],[-95.4032296,29.7214245]]]]},"properties":{"building":"yes"}},
{"type":"Feature","geometry":{"type":"MultiPolygon","coordinates":[[[[-95.4025269,29.7214787],[-95.4025118,29.7214474],[-95.4024927,29.7214543],[-95.4024849,29.7214382],[-95.402468,29.7214443],[-95.4024648,29.7214377],[-95.4023796,29.7214685],[-95.4024276,29.7215684],[-95.4025128,29.7215375],[-95.4024992,29.7215093],[-95.4025161,29.7215032],[-95.4025077,29.7214856],[-95.4025269,29.7214787]]]]},"properties":{"building":"yes"}},
{"type":"Feature","geometry":{"type":"MultiPolygon","coordinates":[[[[-95.4022922,29.721447],[-95.402284,29.7214325],[-95.4022889,29.7214304],[-95.4022573,29.721375],[-95.4022445,29.7213805],[-95.4022291,29.7213535],[-95.402186,29.721372],[-95.4022014,29.7213991],[-95.4021044,29.7214408],[-95.4021359,29.7214962],[-95.4022182,29.7214608],[-95.4022264,29.7214752],[-95.4022922,29.721447]]]]},"properties":{"addr:housenumber":"1746","addr:street":"Rice Boulevard","building":"detached"}},
{"type":"Feature","geometry":{"type":"MultiPolygon","coordinates":[[[[-95.4026952,29.7214513],[-95.4026166,29.721283],[-95.4026072,29.7212863],[-95.4025973,29.721265],[-95.4025835,29.7212698],[-95.4025781,29.7212582],[-95.4025356,29.7212731],[-95.402541,29.7212848],[-95.4025297,29.7212888],[-95.4025234,29.7212752],[-95.4024779,29.7212912],[-95.4024842,29.7213048],[-95.402475,29.721308],[-95.4024705,29.7212983],[-95.4024477,29.7213063],[-95.4024523,29.721316],[-95.4024413,29.7213199],[-95.4024512,29.7213411],[-95.4024474,29.7213424],[-95.4024432,29.7213334],[-95.4024209,29.7213413],[-95.4024251,29.7213503],[-95.40242,29.7213521],[-95.402437,29.7213884],[-95.4024421,29.7213867],[-95.4024469,29.7213969],[-95.4024692,29.721389],[-95.4024644,29.7213788],[-95.4024768,29.7213744],[-95.4024967,29.721417],[-95.4025508,29.7213979],[-95.4025926,29.7214874],[-95.4026952,29.7214513]]]]},"properties":{"building":"detached"}},
{"type":"Feature","geometry":{"type":"MultiPolygon","coordinates":[[[[-95.4020796,29.7215304],[-95.4020626,29.7215006],[-95.4020635,29.7215003],[-95.4020205,29.7214248],[-95.4020204,29.7214249],[-95.4020166,29.7214181],[-95.4019661,29.7214398],[-95.40197,29.7214466],[-95.4018939,29.7214793],[-95.4019133,29.7215134],[-95.4018939,29.7215218],[-95.4019175,29.7215632],[-95.4019462,29.7215509],[-95.4019461,29.7215507],[-95.4020257,29.7215165],[-95.4020427,29.7215463],[-95.4020796,29.7215304]]]]},"properties":{"addr:housenumber":"1740","addr:street":"Rice Boulevard","building":"detached"}},
{"type":"Feature","geometry":{"type":"MultiPolygon","coordinates":[[[[-95.4024444,29.7216522],[-95.4024276,29.7215934],[-95.4023357,29.7216132],[-95.4023525,29.721672],[-95.4024444,29.7216522]]]]},"properties":{"building":"yes"}},
{"type":"Feature","geometry":{"type":"MultiPolygon","coordinates":[[[[-95.402191,29.7216587],[-95.4021621,29.721608],[-95.4020863,29.7216406],[-95.4021151,29.7216913],[-95.402191,29.7216587]]]]},"properties":{"building":"yes"}},
{"type":"Feature","geometry":{"type":"MultiPolygon","coordinates":[[[[-95.401859,29.7215393],[-95.4018214,29.7214735],[-95.4016699,29.7215386],[-95.4017074,29.7216045],[-95.401859,29.7215393]]]]},"properties":{"addr:housenumber":"1722","addr:street":"Rice Boulevard","building":"detached"}},
{"type":"Feature","geometry":{"type":"MultiPolygon","coordinates":[[[[-95.4019589,29.7216651],[-95.4019254,29.7216063],[-95.401855,29.7216365],[-95.4018885,29.7216953],[-95.4019589,29.7216651]]]]},"properties":{"building":"yes"}},
{"type":"Feature","geometry":{"type":"MultiPolygon","coordinates":[[[[-95.4016917,29.7216476],[-95.4016427,29.721556],[-95.4016132,29.7215679],[-95.4016085,29.7215591],[-95.4015582,29.7215794],[-95.4015629,29.7215882],[-95.4015374,29.7215985],[-95.4015864,29.7216901],[-95.4016917,29.7216476]]]]},"properties":{"addr:housenumber":"1718","addr:street":"Rice Boulevard","building":"detached"}},
{"type":"Feature","geometry":{"type":"MultiPolygon","coordinates":[[[[-95.4015918,29.7217279],[-95.4015261,29.7217279],[-95.4015261,29.7217815],[-95.4015314,29.7217815],[-95.4015314,29.7218246],[-95.4015562,29.7218246],[-95.4015562,29.7217815],[-95.4015918,29.7217815],[-95.4015918,29.7217279]]]]},"properties":{"building":"yes"}},
{"type":"Feature","geometry":{"type":"MultiPolygon","coordinates":[[[[-95.4016615,29.7218479],[-95.4016561,29.7218479],[-95.4016561,29.7218194],[-95.4015831,29.7218194],[-95.4015831,29.7218479],[-95.4015388,29.7218479],[-95.4015388,29.7219521],[-95.4015535,29.7219521],[-95.4015535,29.7219586],[-95.4015763,29.7219586],[-95.4015763,29.7219521],[-95.4016146,29.7219521],[-95.4016146,29.7219568],[-95.4016427,29.7219568],[-95.4016427,29.7219521],[-95.4016615,29.7219521],[-95.4016615,29.7218479]]]]},"properties":{"building":"yes"}},
{"type":"Feature","geometry":{"type":"MultiPolygon","coordinates":[[[[-95.401516,29.721725],[-95.4014771,29.721725],[-95.4014771,29.7216383],[-95.4013242,29.7216383],[-95.4013242,29.721725],[-95.4013242,29.7217326],[-95.4013242,29.721785],[-95.401516,29.721785],[-95.401516,29.721725]]]]},"properties":{"building":"yes"}},
{"type":"Feature","geometry":{"type":"MultiPolygon","coordinates":[[[[-95.4015468,29.7216476],[-95.4014872,29.7216476],[-95.4014872,29.7217035],[-95.4015468,29.7217035],[-95.4015468,29.7216476]]]]},"properties":{"building":"yes"}},
{"type":"Feature","geometry":{"type":"MultiPolygon","coordinates":[[[[-95.401512,29.7217984],[-95.4013859,29.7217984],[-95.4013859,29.7218042],[-95.4013551,29.7218042],[-95.4013551,29.7218747],[-95.4013799,29.7218747],[-95.4013799,29.721912],[-95.4013504,29.721912],[-95.4013504,29.7219556],[-95.4013873,29.7219556],[-95.4013873,29.7219661],[-95.4014483,29.7219661],[-95.4014483,29.7219556],[-95.4014872,29.7219556],[-95.4014872,29.7219207],[-95.4014872,29.721912],[-95.4014872,29.7218858],[-95.401512,29.7218858],[-95.401512,29.7217984]]]]},"properties":{"building":"yes"}},
{"type":"Feature","geometry":{"type":"MultiPolygon","coordinates":[[[[-95.4018241,29.7217629],[-95.4017115,29.7217629],[-95.4017115,29.7219603],[-95.4017222,29.7219603],[-95.4017222,29.7219912],[-95.4018114,29.7219912],[-95.4018114,29.7219603],[-95.4018241,29.7219603],[-95.4018241,29.7217629]]]]},"properties":{"building":"yes"}},
{"type":"Feature","geometry":{"type":"MultiPolygon","coordinates":[[[[-95.4019757,29.7218217],[-95.4019441,29.7218217],[-95.4019441,29.7217862],[-95.4018791,29.7217862],[-95.4018791,29.7218217],[-95.4018737,29.7218217],[-95.4018737,29.7219492],[-95.4019757,29.7219492],[-95.4019757,29.7218217]]]]},"properties":{"building":"yes"}},
{"type":"Feature","geometry":{"type":"MultiPolygon","coordinates":[[[[-95.4022922,29.7219411],[-95.4022903,29.7218193],[-95.4022847,29.7218194],[-95.4022844,29.7217987],[-95.40229,29.7217986],[-95.4022888,29.7217169],[-95.4021508,29.7217184],[-95.402152,29.7218002],[-95.4022569,29.721799],[-95.4022572,29.721819],[-95.4021728,29.72182],[-95.4021748,29.7219573],[-95.4022667,29.7219562],[-95.4022665,29.7219414],[-95.4022922,29.7219411]]]]},"properties":{"building":"yes"}},
{"type":"Feature","geometry":{"type":"MultiPolygon","coordinates":[[[[-95.4021339,29.7219586],[-95.4021321,29.7218384],[-95.4020674,29.7218391],[-95.4020669,29.7218002],[-95.4021225,29.7217996],[-95.4021214,29.7217235],[-95.4019877,29.721725],[-95.4019889,29.7218011],[-95.4019939,29.721801],[-95.4019946,29.7218458],[-95.4020093,29.7218456],[-95.402011,29.7219599],[-95.4021339,29.7219586]]]]},"properties":{"building":"yes"}},
{"type":"Feature","geometry":{"type":"MultiPolygon","coordinates":[[[[-95.4024403,29.721936],[-95.4024377,29.7217606],[-95.4023452,29.7217616],[-95.4023472,29.7218936],[-95.402323,29.7218939],[-95.4023237,29.7219432],[-95.4023552,29.7219428],[-95.4023551,29.7219369],[-95.4023764,29.7219367],[-95.4023767,29.7219527],[-95.4024315,29.7219521],[-95.4024313,29.7219361],[-95.4024403,29.721936]]]]},"properties":{"building":"yes"}},
{"type":"Feature","geometry":{"type":"MultiPolygon","coordinates":[[[[-95.4023699,29.7217542],[-95.4023695,29.7217192],[-95.4023096,29.7217198],[-95.4023101,29.7217548],[-95.4023699,29.7217542]]]]},"properties":{"building":"yes"}},
{"type":"Feature","geometry":{"type":"MultiPolygon","coordinates":[[[[-95.4025396,29.7217623],[-95.402539,29.7217156],[-95.4024712,29.7217163],[-95.4024718,29.721763],[-95.4025396,29.7217623]]]]},"properties":{"building":"yes"}},
{"type":"Feature","geometry":{"type":"MultiPolygon","coordinates":[[[[-95.4025839,29.7219521],[-95.4025824,29.7218567],[-95.4024853,29.7218578],[-95.4024867,29.7219532],[-95.4025839,29.7219521]]]]},"properties":{"building":"yes"}},
{"type":"Feature","geometry":{"type":"MultiPolygon","coordinates":[[[[-95.4029614,29.7216453],[-95.4029604,29.7215789],[-95.4028112,29.7215806],[-95.4028122,29.7216469],[-95.4028435,29.7216466],[-95.4028442,29.7216881],[-95.4029285,29.7216872],[-95.4029279,29.7216456],[-95.4029614,29.7216453]]]]},"properties":{"building":"yes"}},
{"type":"Feature","geometry":{"type":"MultiPolygon","coordinates":[[[[-95.4032376,29.7215468],[-95.4032364,29.7214605],[-95.4030157,29.721463],[-95.403017,29.7215493],[-95.4032376,29.7215468]]]]},"properties":{"building":"yes"}},
{"type":"Feature","geometry":{"type":"MultiPolygon","coordinates":[[[[-95.4032142,29.721654],[-95.403213,29.7215719],[-95.4030633,29.7215736],[-95.4030645,29.7216557],[-95.4032142,29.721654]]]]},"properties":{"building":"yes"}},
{"type":"Feature","geometry":{"type":"MultiPolygon","coordinates":[[[[-95.4027631,29.721792],[-95.4027629,29.7217804],[-95.4026112,29.7217821],[-95.4026113,29.7217937],[-95.4026289,29.7217936],[-95.4026294,29.721824],[-95.4026049,29.7218243],[-95.4026067,29.7219399],[-95.4026198,29.7219398],[-95.40262,29.721949],[-95.4027535,29.7219475],[-95.4027534,29.7219383],[-95.4027622,29.7219382],[-95.4027605,29.7218226],[-95.4027546,29.7218226],[-95.4027542,29.7217921],[-95.4027631,29.721792]]]]},"properties":{"building":"yes"}},
{"type":"Feature","geometry":{"type":"MultiPolygon","coordinates":[[[[-95.403249,29.7217611],[-95.4032487,29.721701],[-95.4030935,29.7217017],[-95.4030937,29.7217329],[-95.4030145,29.7217332],[-95.4030143,29.7217047],[-95.4029564,29.7217049],[-95.4029566,29.7217335],[-95.4029204,29.7217337],[-95.4029203,29.7217086],[-95.4027736,29.7217093],[-95.4027738,29.7217343],[-95.4027689,29.7217344],[-95.4027696,29.7218502],[-95.4027737,29.7218502],[-95.4027738,29.7218752],[-95.4027706,29.7218753],[-95.4027709,29.7219289],[-95.4027932,29.7219287],[-95.4027933,29.7219478],[-95.4028521,29.7219475],[-95.402852,29.7219285],[-95.402879,29.7219284],[-95.4028791,29.7219479],[-95.4029634,29.7219475],[-95.4029633,29.721928],[-95.402987,29.7219279],[-95.4029871,29.7219471],[-95.4030365,29.7219469],[-95.4030364,29.7219276],[-95.4030486,29.7219276],[-95.4030488,29.7219467],[-95.403127,29.7219463],[-95.4031269,29.7219272],[-95.4031461,29.7219271],[-95.403146,29.7219118],[-95.4031818,29.7219117],[-95.403182,29.7219452],[-95.4032373,29.7219449],[-95.4032371,29.7219114],[-95.4032437,29.7219114],[-95.403243,29.7217966],[-95.4032373,29.7217966],[-95.403237,29.7217612],[-95.403249,29.7217611]],[[-95.4032061,29.7217967],[-95.4031441,29.721797],[-95.4031439,29.7217616],[-95.4032059,29.7217613],[-95.4032061,29.7217967]],[[-95.4031022,29.7218737],[-95.40307,29.7218739],[-95.4030698,29.7218488],[-95.403102,29.7218487],[-95.4031022,29.7218737]],[[-95.4030394,29.721874],[-95.4030036,29.7218742],[-95.4030035,29.7218491],[-95.4030392,29.721849],[-95.4030394,29.721874]],[[-95.4029455,29.7218745],[-95.4029124,29.7218746],[-95.4029122,29.7218496],[-95.4029454,29.7218494],[-95.4029455,29.7218745]],[[-95.402855,29.7218749],[-95.4028125,29.7218751],[-95.4028123,29.72185],[-95.4028549,29.7218498],[-95.402855,29.7218749]]]]},"properties":{"building":"yes"}},
{"type":"Feature","geometry":{"type":"MultiPolygon","coordinates":[[[[-95.3979802,29.7161529],[-95.3979453,29.7160847],[-95.3979362,29.7160669],[-95.3977423,29.7161418],[-95.3977863,29.7162277],[-95.3979256,29.7161739],[-95.3979802,29.7161529]]]]},"properties":{"addr:state":"TX","building":"house","ele":"15","gnis:feature_id":"2470997","name":"Lovett College Magisters House","roof:shape":"flat","source":"USGS Geonames"}},
{"type":"Feature","geometry":{"type":"MultiPolygon","coordinates":[[[[-95.4056081,29.7166744],[-95.4055179,29.7164982],[-95.4054727,29.7165147],[-95.405305,29.7161936],[-95.405335,29.716183],[-95.4052281,29.7159845],[-95.405201,29.715996],[-95.4050258,29.7156313],[-95.4050364,29.7156273],[-95.4049912,29.7155333],[-95.4048023,29.7156047],[-95.4047016,29.7156428],[-95.4044892,29.7157231],[-95.4044721,29.7157296],[-95.4044671,29.7157189],[-95.4043893,29.7157505],[-95.4043938,29.7157589],[-95.4043791,29.7157649],[-95.4046496,29.7162672],[-95.404679,29.7163084],[-95.4046837,29.716318],[-95.4047074,29.7163662],[-95.4049559,29.7168721],[-95.4049684,29.7168671],[-95.4049761,29.7168815],[-95.4050603,29.716849],[-95.4050562,29.7168408],[-95.4050663,29.7168367],[-95.4050792,29.7168315],[-95.4050857,29.7168279],[-95.4050904,29.716827],[-95.4050865,29.7168196],[-95.4052322,29.7167609],[-95.4052539,29.7167521],[-95.4052584,29.7167604],[-95.4052683,29.7167564],[-95.405278,29.7167525],[-95.4052736,29.7167442],[-95.4052898,29.7167378],[-95.405317,29.7167892],[-95.4054323,29.7167424],[-95.4054624,29.7167306],[-95.4056081,29.7166744]],[[-95.4051992,29.7166567],[-95.4050275,29.7167219],[-95.4049484,29.7165728],[-95.4051214,29.7165029],[-95.4051992,29.7166567]],[[-95.4048116,29.7159066],[-95.4046346,29.715973],[-95.4045554,29.7158262],[-95.4047338,29.7157552],[-95.4048116,29.7159066]]]]},"properties":{"building":"university","name":"Alice Pratt Brown Hall","owner":"Rice University","roof:shape":"flat","wikidata":"Q119820141"}},
{"type":"Feature","geometry":{"type":"MultiPolygon","coordinates":[[[[-95.4037921,29.7141217],[-95.40366,29.7140491],[-95.4036232,29.7140996],[-95.4037552,29.7141722],[-95.4037695,29.7141527],[-95.4037921,29.7141217]]]]},"properties":{"building":"yes"}},
{"type":"Feature","geometry":{"type":"MultiPolygon","coordinates":[[[[-95.4048196,29.7137623],[-95.4046279,29.7136505],[-95.4045917,29.7136982],[-95.4046104,29.7137099],[-95.404475,29.7139032],[-95.4044336,29.7138804],[-95.4043831,29.7139497],[-95.4041581,29.7139952],[-95.4040769,29.7139507],[-95.4040539,29.7139836],[-95.4038366,29.7138624],[-95.40385,29.7138426],[-95.4037924,29.7138089],[-95.4037493,29.7138686],[-95.4036663,29.7139836],[-95.4039533,29.7141338],[-95.4039211,29.7141758],[-95.4041022,29.7142748],[-95.4041706,29.7142608],[-95.4041845,29.7143106],[-95.4042796,29.714295],[-95.4043473,29.7142833],[-95.4044206,29.7142706],[-95.404518,29.7142509],[-95.4045005,29.7141991],[-95.4045648,29.7141851],[-95.4046815,29.7140313],[-95.4046577,29.7140166],[-95.4046306,29.7139999],[-95.4048196,29.7137623]]]]},"properties":{"building":"grandstand"}},
{"type":"Feature","geometry":{"type":"MultiPolygon","coordinates":[[[[-95.4049048,29.7135328],[-95.4048948,29.7133581],[-95.4047787,29.7133645],[-95.4047807,29.7134035],[-95.4047499,29.7134059],[-95.4047566,29.7135042],[-95.4047875,29.7135025],[-95.4047908,29.7135398],[-95.4048013,29.7135392],[-95.4049048,29.7135328]]]]},"properties":{"amenity":"pub","building":"yes","microbrewery":"yes","name":"The Roost","operator":"Karbach Brewing Co."}},
{"type":"Feature","geometry":{"type":"MultiPolygon","coordinates":[[[[-95.4051321,29.7131519],[-95.4048693,29.7130588],[-95.4048505,29.7131007],[-95.4047727,29.7132649],[-95.4050348,29.7133548],[-95.4051321,29.7131519]]]]},"properties":{"building":"yes","roof:shape":"gabled"}},
{"type":"Feature","geometry":{"type":"MultiPolygon","coordinates":[[[[-95.4022041,29.7136528],[-95.4019107,29.713473],[-95.4018509,29.7135467],[-95.4021442,29.7137265],[-95.4022041,29.7136528]]]]},"properties":{"building":"yes","roof:shape":"gabled"}},
{"type":"Feature","geometry":{"type":"MultiPolygon","coordinates":[[[[-95.4022064,29.7196964],[-95.4021558,29.7196005],[-95.4018398,29.7197264],[-95.4018253,29.719699],[-95.4018106,29.7196712],[-95.4020026,29.7195947],[-95.4019305,29.7194582],[-95.4017113,29.7195455],[-95.4015587,29.7196063],[-95.4013853,29.7196754],[-95.4011653,29.719763],[-95.4012379,29.7199003],[-95.4013951,29.7198377],[-95.4014062,29.7198587],[-95.4014225,29.7198895],[-95.4013211,29.7199298],[-95.4013732,29.7200284],[-95.401705,29.7198962],[-95.4018757,29.7198282],[-95.401943,29.7198014],[-95.4022064,29.7196964]],[[-95.4017096,29.7197758],[-95.401655,29.7197971],[-95.4015085,29.7198544],[-95.4014932,29.719826],[-95.4014783,29.7197985],[-95.4016266,29.7197409],[-95.4016821,29.7197193],[-95.4016965,29.719749],[-95.4017096,29.7197758]]]]},"properties":{"building":"university","layer":"1","name":"Brockman Hall for Physics","official_name":"Brockman Hall for Physics and Astronomy","roof:shape":"flat","wikimedia_commons":"File:Brockman_Hall_for_Physics_(5940986398).jpg"}},
{"type":"Feature","geometry":{"type":"MultiPolygon","coordinates":[[[[-95.3961997,29.72103],[-95.3959724,29.7209964],[-95.3959529,29.7210955],[-95.3961802,29.7211292],[-95.3961997,29.72103]]]]},"properties":{"addr:state":"TX","building":"house","ele":"15","gnis:feature_id":"2470861","name":"Brown College Magisters' House","source":"USGS Geonames"}},
{"type":"Feature","geometry":{"type":"MultiPolygon","coordinates":[[[[-95.3987934,29.7211538],[-95.3987751,29.7211179],[-95.3986194,29.7208134],[-95.3982697,29.7209522],[-95.3984424,29.7212949],[-95.3987934,29.7211538]]],[[[-95.3981557,29.7209183],[-95.3981433,29.7208752],[-95.398107,29.7208358],[-95.3980614,29.7208157],[-95.3980154,29.7208109],[-95.3979703,29.72082],[-95.3979315,29.720842],[-95.3979037,29.7208741],[-95.3978908,29.7209112],[-95.3978919,29.7209477],[-95.3979071,29.7209841],[-95.3979367,29.721015],[-95.3979768,29.7210352],[-95.3980193,29.7210418],[-95.3980578,29.7210377],[-95.3980973,29.7210224],[-95.3981306,29.7209945],[-95.3981367,29.7209851],[-95.3981509,29.7209583],[-95.3981557,29.7209183]]]]},"properties":{"amenity":"food_court","building":"yes","name":"West Servery","owner":"Rice University"}},
{"type":"Feature","geometry":{"type":"MultiPolygon","coordinates":[[[[-95.3974496,29.7212619],[-95.397298,29.7212452],[-95.3972904,29.7212952],[-95.3972536,29.721291],[-95.3972606,29.7212449],[-95.3971791,29.7212355],[-95.3971687,29.7213036],[-95.3972843,29.721317],[-95.397278,29.7213579],[-95.3974321,29.721376],[-95.3974496,29.7212619]]]]},"properties":{"addr:state":"TX","building":"house","ele":"15","gnis:feature_id":"2470983","name":"Jones College Magisters House","source":"USGS Geonames"}},
{"type":"Feature","geometry":{"type":"MultiPolygon","coordinates":[[[[-95.3940958,29.7140827],[-95.3940586,29.7140371],[-95.3940062,29.7140694],[-95.3940434,29.714115],[-95.3940958,29.7140827]]]]},"properties":{"building":"yes"}},
{"type":"Feature","geometry":{"type":"MultiPolygon","coordinates":[[[[-95.4062932,29.7160405],[-95.4062895,29.7160332],[-95.4062449,29.7159457],[-95.4062189,29.7159557],[-95.4061995,29.7159175],[-95.4061835,29.7158862],[-95.4062842,29.7158475],[-95.4062581,29.7157963],[-95.4062448,29.7158014],[-95.4061631,29.715641],[-95.4061807,29.7156342],[-95.4061509,29.7155757],[-95.4060965,29.7155965],[-95.4060853,29.7155746],[-95.406042,29.7155917],[-95.4059958,29.7155009],[-95.4059709,29.7154499],[-95.4059654,29.7154388],[-95.4058901,29.7154667],[-95.405893,29.7154721],[-95.405758,29.7155244],[-95.4055435,29.7156079],[-95.4056288,29.7157699],[-95.4056127,29.7157772],[-95.4056344,29.7158184],[-95.4055016,29.7158712],[-95.4056104,29.7160772],[-95.4057151,29.7160355],[-95.4057421,29.7160247],[-95.4057609,29.7160603],[-95.4057822,29.7160524],[-95.4058593,29.7162038],[-95.405954,29.7161674],[-95.4059722,29.7161604],[-95.4059848,29.7161556],[-95.4059936,29.7161522],[-95.406013,29.7161903],[-95.406158,29.7161346],[-95.40614,29.7160993],[-95.4062932,29.7160405]]]]},"properties":{"alt_name":"RUMPAC","building":"university","name":"Brockman Hall for Opera","owner":"Rice University"}},
{"type":"Feature","geometry":{"type":"MultiPolygon","coordinates":[[[[-95.3991638,29.7155569],[-95.399056,29.7153663],[-95.3986467,29.7155172],[-95.3984121,29.7153714],[-95.398247,29.7155864],[-95.3982659,29.715673],[-95.3983511,29.7157666],[-95.398392,29.7158437],[-95.3984248,29.7158323],[-95.3984869,29.7158037],[-95.3985119,29.7157346],[-95.3985718,29.7157011],[-95.3986077,29.7156499],[-95.3986611,29.7157471],[-95.3991638,29.7155569]]]]},"properties":{"addr:city":"Houston","addr:housenumber":"6360","addr:postcode":"77005","addr:state":"TX","addr:street":"South Main Street","building":"dormitory","building:levels":"12","contact:website":"https://sidrich.rice.edu","name":"Sid Richardson College","owner":"Rice University","roof:shape":"flat","wikimedia_commons":"File:Sid_Richardson_College.jpg"}},
{"type":"Feature","geometry":{"type":"MultiPolygon","coordinates":[[[[-95.3985009,29.7208059],[-95.3984432,29.7206964],[-95.3983091,29.7207465],[-95.3983641,29.720856],[-95.3985009,29.7208059]]]]},"properties":{"building":"house","name":"McMurtry College Magisters House","owner":"Rice University","roof:shape":"flat"}},
{"type":"Feature","geometry":{"type":"MultiPolygon","coordinates":[[[[-95.4002762,29.7207181],[-95.4002404,29.7206477],[-95.4002225,29.7206124],[-95.3996412,29.720839],[-95.3996606,29.7208799],[-95.3996995,29.7209564],[-95.3998804,29.7208871],[-95.3999195,29.720964],[-95.4001371,29.7208898],[-95.4000868,29.7207907],[-95.4002762,29.7207181]]]]},"properties":{"building":"university","layer":"1","name":"Robert and Katherine Maxfield Hall"}},
{"type":"Feature","geometry":{"type":"MultiPolygon","coordinates":[[[[-95.4015521,29.7160226],[-95.4014549,29.7158368],[-95.4013192,29.7158915],[-95.4014031,29.7160563],[-95.4014121,29.7160738],[-95.4015521,29.7160226]]]]},"properties":{"alt_name":"PCF","building":"university","building:levels":"1","name":"PCF 1","nohousenumber":"yes","official_name":"Graduate Commons","owner":"Rice University","roof:shape":"round"}},
{"type":"Feature","geometry":{"type":"MultiPolygon","coordinates":[[[[-95.4013357,29.7160747],[-95.4012356,29.7158833],[-95.4010999,29.715938],[-95.4011957,29.7161259],[-95.4013357,29.7160747]]]]},"properties":{"alt_name":"PCF","building":"university","building:levels":"1","name":"PCF 2","nohousenumber":"yes","owner":"Rice University","roof:shape":"round"}},
{"type":"Feature","geometry":{"type":"MultiPolygon","coordinates":[[[[-95.4010917,29.71609],[-95.4009947,29.7159074],[-95.400859,29.7159621],[-95.4009517,29.7161412],[-95.4010917,29.71609]]]]},"properties":{"alt_name":"PCF","building":"university","building:levels":"1","name":"PCF 3","nohousenumber":"yes","owner":"Rice University","roof:shape":"round"}},
{"type":"Feature","geometry":{"type":"MultiPolygon","coordinates":[[[[-95.4008992,29.7161935],[-95.400805,29.7160167],[-95.4006693,29.7160714],[-95.4007592,29.7162447],[-95.4008992,29.7161935]]]]},"properties":{"alt_name":"PCF","building":"university","building:levels":"1","name":"PCF 4","nohousenumber":"yes","owner":"Rice University","roof:shape":"round"}},
{"type":"Feature","geometry":{"type":"MultiPolygon","coordinates":[[[[-95.4019906,29.7136653],[-95.4017976,29.7135501],[-95.4017218,29.7136436],[-95.4019165,29.7137573],[-95.4019906,29.7136653]]]]},"properties":{"building":"yes"}},
{"type":"Feature","geometry":{"type":"MultiPolygon","coordinates":[[[[-95.4017002,29.7135269],[-95.4016511,29.7134977],[-95.4015977,29.7135665],[-95.4016477,29.7135964],[-95.4017002,29.7135269]]]]},"properties":{"building":"yes"}},
{"type":"Feature","geometry":{"type":"MultiPolygon","coordinates":[[[[-95.406504,29.712064],[-95.406452,29.712048],[-95.406431,29.712103],[-95.406483,29.712118],[-95.406504,29.712064]]]]},"properties":{"building":"yes","source":"microsoft/BuildingFootprints"}},
{"type":"Feature","geometry":{"type":"MultiPolygon","coordinates":[[[[-95.407487,29.713353],[-95.407379,29.713324],[-95.407337,29.713442],[-95.407445,29.713471],[-95.407487,29.713353]]]]},"properties":{"building":"yes","source":"microsoft/BuildingFootprints"}},
{"type":"Feature","geometry":{"type":"MultiPolygon","coordinates":[[[[-95.407956,29.712275],[-95.407851,29.712249],[-95.407815,29.712357],[-95.40792,29.712384],[-95.407956,29.712275]]]]},"properties":{"building":"yes","source":"microsoft/BuildingFootprints"}},
{"type":"Feature","geometry":{"type":"MultiPolygon","coordinates":[[[[-95.40696,29.712126],[-95.406861,29.712094],[-95.406836,29.712153],[-95.406934,29.712185],[-95.40696,29.712126]]]]},"properties":{"building":"yes","source":"microsoft/BuildingFootprints"}},
{"type":"Feature","geometry":{"type":"MultiPolygon","coordinates":[[[[-95.4053,29.712225],[-95.405168,29.712189],[-95.405128,29.712301],[-95.40526,29.712336],[-95.4053,29.712225]]]]},"properties":{"building":"yes","source":"microsoft/BuildingFootprints"}},
{"type":"Feature","geometry":{"type":"MultiPolygon","coordinates":[[[[-95.405507,29.712292],[-95.405379,29.712244],[-95.405324,29.712355],[-95.405451,29.712403],[-95.405507,29.712292]]]]},"properties":{"building":"yes","source":"microsoft/BuildingFootprints"}},
{"type":"Feature","geometry":{"type":"MultiPolygon","coordinates":[[[[-95.407594,29.712161],[-95.407474,29.712122],[-95.407423,29.712241],[-95.407543,29.71228],[-95.407594,29.712161]]]]},"properties":{"building":"yes","source":"microsoft/BuildingFootprints"}},
{"type":"Feature","geometry":{"type":"MultiPolygon","coordinates":[[[[-95.405754,29.711865],[-95.405618,29.711821],[-95.405547,29.711989],[-95.405683,29.712032],[-95.405754,29.711865]]]]},"properties":{"building":"yes","source":"microsoft/BuildingFootprints"}},
{"type":"Feature","geometry":{"type":"MultiPolygon","coordinates":[[[[-95.406923,29.713128],[-95.406864,29.713109],[-95.406847,29.713148],[-95.406785,29.713127],[-95.406746,29.713217],[-95.406867,29.713257],[-95.406923,29.713128]]]]},"properties":{"building":"yes","source":"microsoft/BuildingFootprints"}},
{"type":"Feature","geometry":{"type":"MultiPolygon","coordinates":[[[[-95.407606,29.712541],[-95.407454,29.712504],[-95.407421,29.712606],[-95.407573,29.712642],[-95.407606,29.712541]]]]},"properties":{"building":"yes","source":"microsoft/BuildingFootprints"}},
{"type":"Feature","geometry":{"type":"MultiPolygon","coordinates":[[[[-95.407047,29.712804],[-95.406957,29.712776],[-95.406867,29.712987],[-95.406957,29.713015],[-95.407047,29.712804]]]]},"properties":{"building":"yes","source":"microsoft/BuildingFootprints"}},
{"type":"Feature","geometry":{"type":"MultiPolygon","coordinates":[[[[-95.408119,29.713149],[-95.407992,29.713114],[-95.40796,29.7132],[-95.408087,29.713236],[-95.408119,29.713149]]]]},"properties":{"building":"yes","source":"microsoft/BuildingFootprints"}},
{"type":"Feature","geometry":{"type":"MultiPolygon","coordinates":[[[[-95.405476,29.712552],[-95.405373,29.712526],[-95.405349,29.712601],[-95.405452,29.712626],[-95.405476,29.712552]]]]},"properties":{"building":"yes","source":"microsoft/BuildingFootprints"}},
{"type":"Feature","geometry":{"type":"MultiPolygon","coordinates":[[[[-95.406468,29.712755],[-95.406382,29.712734],[-95.406353,29.712822],[-95.406439,29.712843],[-95.406468,29.712755]]]]},"properties":{"building":"yes","source":"microsoft/BuildingFootprints"}},
{"type":"Feature","geometry":{"type":"MultiPolygon","coordinates":[[[[-95.407413,29.712484],[-95.407289,29.712454],[-95.407257,29.712551],[-95.40732,29.712566],[-95.407327,29.712545],[-95.407389,29.71256],[-95.407413,29.712484]]]]},"properties":{"building":"yes","source":"microsoft/BuildingFootprints"}},
{"type":"Feature","geometry":{"type":"MultiPolygon","coordinates":[[[[-95.407193,29.713232],[-95.407083,29.713199],[-95.407029,29.713337],[-95.407081,29.713352],[-95.407092,29.713324],[-95.40715,29.713341],[-95.407193,29.713232]]]]},"properties":{"building":"yes","source":"microsoft/BuildingFootprints"}},
{"type":"Feature","geometry":{"type":"MultiPolygon","coordinates":[[[[-95.407871,29.713247],[-95.407785,29.713233],[-95.407778,29.713267],[-95.407863,29.713281],[-95.407871,29.713247]]]]},"properties":{"building":"yes","source":"microsoft/BuildingFootprints"}},
{"type":"Feature","geometry":{"type":"MultiPolygon","coordinates":[[[[-95.407018,29.712007],[-95.406941,29.711978],[-95.406956,29.711949],[-95.406927,29.711938],[-95.406879,29.712033],[-95.406985,29.712073],[-95.407018,29.712007]]]]},"properties":{"building":"yes","source":"microsoft/BuildingFootprints"}},
{"type":"Feature","geometry":{"type":"MultiPolygon","coordinates":[[[[-95.40653,29.711987],[-95.406443,29.711974],[-95.406434,29.71202],[-95.406521,29.712034],[-95.40653,29.711987]]]]},"properties":{"building":"yes","source":"microsoft/BuildingFootprints"}},
{"type":"Feature","geometry":{"type":"MultiPolygon","coordinates":[[[[-95.408218,29.713469],[-95.408003,29.713404],[-95.40797,29.713486],[-95.40809,29.713522],[-95.408039,29.713649],[-95.408135,29.713678],[-95.408218,29.713469]]]]},"properties":{"building":"yes","source":"microsoft/BuildingFootprints"}},
{"type":"Feature","geometry":{"type":"MultiPolygon","coordinates":[[[[-95.407598,29.712974],[-95.407477,29.712952],[-95.407448,29.713075],[-95.407569,29.713097],[-95.407598,29.712974]]]]},"properties":{"building":"yes","source":"microsoft/BuildingFootprints"}},
{"type":"Feature","geometry":{"type":"MultiPolygon","coordinates":[[[[-95.406375,29.713067],[-95.406285,29.713033],[-95.406253,29.713097],[-95.406325,29.713124],[-95.406338,29.713099],[-95.406356,29.713106],[-95.406375,29.713067]]]]},"properties":{"building":"yes","source":"microsoft/BuildingFootprints"}},
{"type":"Feature","geometry":{"type":"MultiPolygon","coordinates":[[[[-95.407264,29.712312],[-95.407184,29.712287],[-95.40715,29.712366],[-95.407129,29.712359],[-95.407073,29.71249],[-95.407174,29.712523],[-95.407264,29.712312]]]]},"properties":{"building":"yes","source":"microsoft/BuildingFootprints"}},
{"type":"Feature","geometry":{"type":"MultiPolygon","coordinates":[[[[-95.408174,29.712731],[-95.408104,29.712703],[-95.408119,29.712675],[-95.408059,29.712651],[-95.408015,29.712736],[-95.407985,29.712724],[-95.407961,29.712768],[-95.408068,29.71281],[-95.408092,29.712764],[-95.408146,29.712785],[-95.408174,29.712731]]]]},"properties":{"building":"yes","source":"microsoft/BuildingFootprints"}},
{"type":"Feature","geometry":{"type":"MultiPolygon","coordinates":[[[[-95.406117,29.712498],[-95.406004,29.712463],[-95.405957,29.712577],[-95.40607,29.712612],[-95.406117,29.712498]]]]},"properties":{"building":"yes","source":"microsoft/BuildingFootprints"}},
{"type":"Feature","geometry":{"type":"MultiPolygon","coordinates":[[[[-95.406559,29.713074],[-95.406394,29.713023],[-95.406359,29.713107],[-95.406525,29.713158],[-95.406559,29.713074]]]]},"properties":{"building":"yes","source":"microsoft/BuildingFootprints"}},
{"type":"Feature","geometry":{"type":"MultiPolygon","coordinates":[[[[-95.40686,29.711907],[-95.406726,29.711872],[-95.4067,29.711946],[-95.406752,29.71196],[-95.406728,29.712028],[-95.406809,29.71205],[-95.40686,29.711907]]]]},"properties":{"building":"yes","source":"microsoft/BuildingFootprints"}},
{"type":"Feature","geometry":{"type":"MultiPolygon","coordinates":[[[[-95.406926,29.712197],[-95.40685,29.712174],[-95.406793,29.712312],[-95.406766,29.712304],[-95.406731,29.712389],[-95.406853,29.712426],[-95.406916,29.71227],[-95.406899,29.712265],[-95.406926,29.712197]]]]},"properties":{"building":"yes","source":"microsoft/BuildingFootprints"}},
{"type":"Feature","geometry":{"type":"MultiPolygon","coordinates":[[[[-95.406715,29.712683],[-95.406562,29.712647],[-95.406527,29.71276],[-95.406593,29.712775],[-95.406574,29.712838],[-95.406661,29.712858],[-95.406715,29.712683]]]]},"properties":{"building":"yes","source":"microsoft/BuildingFootprints"}},
{"type":"Feature","geometry":{"type":"MultiPolygon","coordinates":[[[[-95.408142,29.712347],[-95.407966,29.71231],[-95.407942,29.712396],[-95.408118,29.712433],[-95.408142,29.712347]]]]},"properties":{"building":"yes","source":"microsoft/BuildingFootprints"}},
{"type":"Feature","geometry":{"type":"MultiPolygon","coordinates":[[[[-95.406231,29.712894],[-95.406044,29.71284],[-95.40598,29.713008],[-95.406065,29.713032],[-95.406104,29.712929],[-95.406207,29.712959],[-95.406231,29.712894]]]]},"properties":{"building":"yes","source":"microsoft/BuildingFootprints"}},
{"type":"Feature","geometry":{"type":"MultiPolygon","coordinates":[[[[-95.407576,29.713254],[-95.407502,29.713231],[-95.407476,29.713293],[-95.40755,29.713316],[-95.407576,29.713254]]]]},"properties":{"building":"yes","source":"microsoft/BuildingFootprints"}},
{"type":"Feature","geometry":{"type":"MultiPolygon","coordinates":[[[[-95.407392,29.712096],[-95.407266,29.712052],[-95.407204,29.712186],[-95.407268,29.712209],[-95.407285,29.712173],[-95.407346,29.712194],[-95.407392,29.712096]]]]},"properties":{"building":"yes","source":"microsoft/BuildingFootprints"}},
{"type":"Feature","geometry":{"type":"MultiPolygon","coordinates":[[[[-95.407906,29.713076],[-95.407727,29.713026],[-95.407686,29.713133],[-95.407798,29.713165],[-95.407808,29.713137],[-95.407876,29.713156],[-95.407906,29.713076]]]]},"properties":{"building":"yes","source":"microsoft/BuildingFootprints"}},
{"type":"Feature","geometry":{"type":"MultiPolygon","coordinates":[[[[-95.406714,29.712279],[-95.406693,29.712272],[-95.406706,29.712241],[-95.406646,29.712222],[-95.406598,29.712338],[-95.406679,29.712363],[-95.406714,29.712279]]]]},"properties":{"building":"yes","source":"microsoft/BuildingFootprints"}},
{"type":"Feature","geometry":{"type":"MultiPolygon","coordinates":[[[[-95.40787,29.713461],[-95.407715,29.713426],[-95.407682,29.713534],[-95.407751,29.71355],[-95.407746,29.713568],[-95.407833,29.713588],[-95.40787,29.713461]]]]},"properties":{"building":"yes","source":"microsoft/BuildingFootprints"}},
{"type":"Feature","geometry":{"type":"MultiPolygon","coordinates":[[[[-95.407926,29.712654],[-95.407811,29.712607],[-95.407762,29.712698],[-95.407877,29.712745],[-95.407926,29.712654]]]]},"properties":{"building":"yes","source":"microsoft/BuildingFootprints"}},
{"type":"Feature","geometry":{"type":"MultiPolygon","coordinates":[[[[-95.405924,29.711992],[-95.40577,29.711941],[-95.405725,29.712043],[-95.40588,29.712094],[-95.405924,29.711992]]]]},"properties":{"building":"yes","source":"microsoft/BuildingFootprints"}},
{"type":"Feature","geometry":{"type":"MultiPolygon","coordinates":[[[[-95.405827,29.712848],[-95.405711,29.712808],[-95.405671,29.712892],[-95.405788,29.712933],[-95.405827,29.712848]]]]},"properties":{"building":"yes","source":"microsoft/BuildingFootprints"}},
{"type":"Feature","geometry":{"type":"MultiPolygon","coordinates":[[[[-95.40592,29.71242],[-95.405781,29.71239],[-95.405754,29.712483],[-95.405893,29.712513],[-95.40592,29.71242]]]]},"properties":{"building":"yes","source":"microsoft/BuildingFootprints"}},
{"type":"Feature","geometry":{"type":"MultiPolygon","coordinates":[[[[-95.40569,29.712348],[-95.405546,29.712309],[-95.405506,29.71242],[-95.405589,29.712443],[-95.405547,29.71256],[-95.405642,29.712586],[-95.405681,29.712478],[-95.405647,29.712469],[-95.40569,29.712348]]]]},"properties":{"building":"yes","source":"microsoft/BuildingFootprints"}},
{"type":"Feature","geometry":{"type":"MultiPolygon","coordinates":[[[[-95.405398,29.712682],[-95.405307,29.712652],[-95.40529,29.71269],[-95.405257,29.712679],[-95.405227,29.712746],[-95.405351,29.712788],[-95.405398,29.712682]]]]},"properties":{"building":"yes","source":"microsoft/BuildingFootprints"}},
{"type":"Feature","geometry":{"type":"MultiPolygon","coordinates":[[[[-95.406574,29.712225],[-95.406469,29.712201],[-95.40644,29.712296],[-95.406545,29.712321],[-95.406574,29.712225]]]]},"properties":{"building":"yes","source":"microsoft/BuildingFootprints"}},
{"type":"Feature","geometry":{"type":"MultiPolygon","coordinates":[[[[-95.406433,29.712174],[-95.406332,29.712148],[-95.406301,29.71224],[-95.406402,29.712266],[-95.406433,29.712174]]]]},"properties":{"building":"yes","source":"microsoft/BuildingFootprints"}},
{"type":"Feature","geometry":{"type":"MultiPolygon","coordinates":[[[[-95.407025,29.713223],[-95.406928,29.713195],[-95.406881,29.713316],[-95.406978,29.713345],[-95.407025,29.713223]]]]},"properties":{"building":"yes","source":"microsoft/BuildingFootprints"}},
{"type":"Feature","geometry":{"type":"MultiPolygon","coordinates":[[[[-95.406203,29.711971],[-95.406108,29.711945],[-95.406083,29.712013],[-95.405998,29.71199],[-95.405982,29.712034],[-95.405955,29.712027],[-95.405925,29.712108],[-95.406132,29.712166],[-95.406203,29.711971]]]]},"properties":{"building":"yes","source":"microsoft/BuildingFootprints"}},
{"type":"Feature","geometry":{"type":"MultiPolygon","coordinates":[[[[-95.407669,29.713435],[-95.407548,29.713396],[-95.407508,29.713493],[-95.407628,29.713531],[-95.407669,29.713435]]]]},"properties":{"building":"yes","source":"microsoft/BuildingFootprints"}},
{"type":"Feature","geometry":{"type":"MultiPolygon","coordinates":[[[[-95.40776,29.71257],[-95.407655,29.712534],[-95.407597,29.712662],[-95.407702,29.712698],[-95.40776,29.71257]]]]},"properties":{"building":"yes","source":"microsoft/BuildingFootprints"}},
{"type":"Feature","geometry":{"type":"MultiPolygon","coordinates":[[[[-95.407225,29.71285],[-95.407105,29.71282],[-95.407061,29.712952],[-95.407181,29.712982],[-95.407225,29.71285]]]]},"properties":{"building":"yes","source":"microsoft/BuildingFootprints"}},
{"type":"Feature","geometry":{"type":"MultiPolygon","coordinates":[[[[-95.407592,29.713147],[-95.407504,29.713119],[-95.407474,29.71319],[-95.407561,29.713218],[-95.407592,29.713147]]]]},"properties":{"building":"yes","source":"microsoft/BuildingFootprints"}},
{"type":"Feature","geometry":{"type":"MultiPolygon","coordinates":[[[[-95.40608,29.712663],[-95.40601,29.712646],[-95.405989,29.71271],[-95.406059,29.712727],[-95.40608,29.712663]]]]},"properties":{"building":"yes","source":"microsoft/BuildingFootprints"}},
{"type":"Feature","geometry":{"type":"MultiPolygon","coordinates":[[[[-95.407792,29.712214],[-95.407669,29.712178],[-95.407588,29.71239],[-95.40763,29.712402],[-95.407658,29.712329],[-95.407739,29.712352],[-95.407792,29.712214]]]]},"properties":{"building":"yes","source":"microsoft/BuildingFootprints"}},
{"type":"Feature","geometry":{"type":"MultiPolygon","coordinates":[[[[-95.407095,29.713091],[-95.407006,29.713079],[-95.406999,29.71312],[-95.407036,29.713125],[-95.407031,29.71315],[-95.407083,29.713157],[-95.407095,29.713091]]]]},"properties":{"building":"yes","source":"microsoft/BuildingFootprints"}},
{"type":"Feature","geometry":{"type":"MultiPolygon","coordinates":[[[[-95.405956,29.712875],[-95.405847,29.712853],[-95.405821,29.712951],[-95.40593,29.712973],[-95.405956,29.712875]]]]},"properties":{"building":"yes","source":"microsoft/BuildingFootprints"}},
{"type":"Feature","geometry":{"type":"MultiPolygon","coordinates":[[[[-95.406299,29.712098],[-95.406194,29.712064],[-95.406141,29.712187],[-95.406246,29.712221],[-95.406299,29.712098]]]]},"properties":{"building":"yes","source":"microsoft/BuildingFootprints"}},
{"type":"Feature","geometry":{"type":"MultiPolygon","coordinates":[[[[-95.406495,29.712606],[-95.406358,29.712563],[-95.406307,29.712682],[-95.4064,29.712711],[-95.406413,29.71268],[-95.406458,29.712694],[-95.406495,29.712606]]]]},"properties":{"building":"yes","source":"microsoft/BuildingFootprints"}},
{"type":"Feature","geometry":{"type":"MultiPolygon","coordinates":[[[[-95.406287,29.71257],[-95.406208,29.712539],[-95.406162,29.712627],[-95.406122,29.712612],[-95.406082,29.712691],[-95.40621,29.712741],[-95.406264,29.712636],[-95.406255,29.712633],[-95.406287,29.71257]]]]},"properties":{"building":"yes","source":"microsoft/BuildingFootprints"}},
{"type":"Feature","geometry":{"type":"MultiPolygon","coordinates":[[[[-95.406662,29.712115],[-95.406572,29.712081],[-95.40654,29.712144],[-95.406631,29.712178],[-95.406662,29.712115]]]]},"properties":{"building":"yes","source":"microsoft/BuildingFootprints"}},
{"type":"Feature","geometry":{"type":"MultiPolygon","coordinates":[[[[-95.407441,29.712925],[-95.407328,29.712889],[-95.407314,29.712922],[-95.407252,29.712902],[-95.407214,29.712994],[-95.407388,29.713049],[-95.407441,29.712925]]]]},"properties":{"building":"yes","source":"microsoft/BuildingFootprints"}},
{"type":"Feature","geometry":{"type":"MultiPolygon","coordinates":[[[[-95.40604,29.712752],[-95.405983,29.712731],[-95.405954,29.712791],[-95.40601,29.712812],[-95.40604,29.712752]]]]},"properties":{"building":"yes","source":"microsoft/BuildingFootprints"}},
{"type":"Feature","geometry":{"type":"MultiPolygon","coordinates":[[[[-95.4073124,29.7196773],[-95.4072868,29.7196229],[-95.4072474,29.7196369],[-95.4071986,29.7195331],[-95.4072279,29.7195227],[-95.4072034,29.7194707],[-95.4071333,29.7194956],[-95.4071238,29.7194755],[-95.4070666,29.7194958],[-95.4070592,29.71948],[-95.4069649,29.7195134],[-95.4069709,29.7195263],[-95.4069313,29.7195403],[-95.4069812,29.7196462],[-95.4070324,29.719628],[-95.4070388,29.7196416],[-95.4071215,29.7196123],[-95.4071152,29.7195989],[-95.4071234,29.719596],[-95.4071576,29.7196685],[-95.4071473,29.7196722],[-95.4071729,29.7197266],[-95.4071861,29.7197219],[-95.4071965,29.7197439],[-95.4071795,29.7197499],[-95.4072085,29.7198114],[-95.4072253,29.7198055],[-95.4072959,29.7197804],[-95.4072567,29.7196971],[-95.4073124,29.7196773]]]]},"properties":{"addr:city":"Houston","addr:postcode":"77005","addr:state":"TX","addr:street":"Wilton Street","building":"house","building:levels":"2","height":"6"}},
{"type":"Feature","geometry":{"type":"MultiPolygon","coordinates":[[[[-95.4048109,29.7120717],[-95.4046925,29.7120413],[-95.4046578,29.7121433],[-95.4047096,29.7121566],[-95.4047154,29.7121395],[-95.404782,29.7121566],[-95.4048109,29.7120717]]]]},"properties":{"building":"yes","source":"microsoft/BuildingFootprints"}},
{"type":"Feature","geometry":{"type":"MultiPolygon","coordinates":[[[[-95.4051885,29.712635],[-95.4050108,29.7125773],[-95.4049751,29.7126604],[-95.4051527,29.7127181],[-95.4051885,29.712635]]]]},"properties":{"building":"yes","source":"microsoft/BuildingFootprints"}},
{"type":"Feature","geometry":{"type":"MultiPolygon","coordinates":[[[[-95.4046587,29.7120234],[-95.4045531,29.7119937],[-95.4045238,29.7120726],[-95.4046294,29.7121022],[-95.4046587,29.7120234]]]]},"properties":{"building":"yes","source":"microsoft/BuildingFootprints"}},
{"type":"Feature","geometry":{"type":"MultiPolygon","coordinates":[[[[-95.4049506,29.7121025],[-95.404834,29.7120782],[-95.4048047,29.7121839],[-95.4048757,29.7121987],[-95.4048849,29.7121657],[-95.4049305,29.7121752],[-95.4049506,29.7121025]]]]},"properties":{"building":"yes","source":"microsoft/BuildingFootprints"}},
{"type":"Feature","geometry":{"type":"MultiPolygon","coordinates":[[[[-95.4035657,29.711936],[-95.4034747,29.7118879],[-95.4033128,29.7121193],[-95.4034088,29.71217],[-95.4034469,29.7121156],[-95.403442,29.712113],[-95.4035657,29.711936]]]]},"properties":{"building":"yes","source":"microsoft/BuildingFootprints"}},
{"type":"Feature","geometry":{"type":"MultiPolygon","coordinates":[[[[-95.4040088,29.7122173],[-95.4038892,29.7121885],[-95.4038499,29.7123118],[-95.4039695,29.7123406],[-95.4040088,29.7122173]]]]},"properties":{"building":"yes","source":"microsoft/BuildingFootprints"}},
{"type":"Feature","geometry":{"type":"MultiPolygon","coordinates":[[[[-95.4052648,29.7123993],[-95.4051974,29.7123812],[-95.405177,29.7124386],[-95.4052444,29.7124567],[-95.4052648,29.7123993]]]]},"properties":{"building":"yes","source":"microsoft/BuildingFootprints"}},
{"type":"Feature","geometry":{"type":"MultiPolygon","coordinates":[[[[-95.4033457,29.7120169],[-95.4033079,29.712002],[-95.4033194,29.71198],[-95.4032459,29.7119511],[-95.40318,29.7120775],[-95.4032912,29.7121213],[-95.4033457,29.7120169]]]]},"properties":{"building":"yes","source":"microsoft/BuildingFootprints"}},
{"type":"Feature","geometry":{"type":"MultiPolygon","coordinates":[[[[-95.4042602,29.7120744],[-95.4041859,29.7120462],[-95.4041593,29.712099],[-95.4042336,29.7121272],[-95.4042602,29.7120744]]]]},"properties":{"building":"yes","source":"microsoft/BuildingFootprints"}},
{"type":"Feature","geometry":{"type":"MultiPolygon","coordinates":[[[[-95.4051318,29.7121746],[-95.4050202,29.7121397],[-95.4049897,29.7122132],[-95.4051013,29.7122481],[-95.4051318,29.7121746]]]]},"properties":{"building":"yes","source":"microsoft/BuildingFootprints"}},
{"type":"Feature","geometry":{"type":"MultiPolygon","coordinates":[[[[-95.4039344,29.7120497],[-95.4037672,29.7120078],[-95.4037451,29.7120745],[-95.4037773,29.7120826],[-95.4037581,29.7121406],[-95.4037234,29.712132],[-95.4036837,29.7122516],[-95.40381,29.7122832],[-95.4038711,29.7120991],[-95.4039144,29.7121099],[-95.4039344,29.7120497]]]]},"properties":{"building":"yes","source":"microsoft/BuildingFootprints"}},
{"type":"Feature","geometry":{"type":"MultiPolygon","coordinates":[[[[-95.406698,29.7120377],[-95.406657,29.7120299],[-95.4066414,29.7120922],[-95.4066824,29.7120999],[-95.406698,29.7120377]]]]},"properties":{"building":"yes","source":"microsoft/BuildingFootprints"}},
{"type":"Feature","geometry":{"type":"MultiPolygon","coordinates":[[[[-95.4042226,29.71214],[-95.4039351,29.7120645],[-95.4039143,29.7121243],[-95.4041305,29.712181],[-95.4041031,29.71226],[-95.4040465,29.7122452],[-95.4040094,29.7123519],[-95.4041372,29.7123854],[-95.4042226,29.71214]]]]},"properties":{"building":"yes","source":"microsoft/BuildingFootprints"}},
{"type":"Feature","geometry":{"type":"MultiPolygon","coordinates":[[[[-95.4032628,29.711876],[-95.4031536,29.7118125],[-95.4030023,29.7120087],[-95.4031115,29.7120722],[-95.4032628,29.711876]]]]},"properties":{"building":"yes","source":"microsoft/BuildingFootprints"}},
{"type":"Feature","geometry":{"type":"MultiPolygon","coordinates":[[[[-95.4068007,29.7121569],[-95.4067383,29.71214],[-95.4067197,29.7121918],[-95.406782,29.7122087],[-95.4068007,29.7121569]]]]},"properties":{"building":"yes","source":"microsoft/BuildingFootprints"}},
{"type":"Feature","geometry":{"type":"MultiPolygon","coordinates":[[[[-95.4043354,29.7118971],[-95.4042125,29.7118548],[-95.4041528,29.7119857],[-95.4042363,29.7120144],[-95.4042758,29.7119278],[-95.4043152,29.7119414],[-95.4043354,29.7118971]]]]},"properties":{"building":"yes","source":"microsoft/BuildingFootprints"}},
{"type":"Feature","geometry":{"type":"MultiPolygon","coordinates":[[[[-95.4045395,29.7121688],[-95.4044794,29.7121548],[-95.4044634,29.712207],[-95.4045235,29.712221],[-95.4045395,29.7121688]]]]},"properties":{"building":"yes","source":"microsoft/BuildingFootprints"}},
{"type":"Feature","geometry":{"type":"MultiPolygon","coordinates":[[[[-95.4056462,29.7126951],[-95.4055303,29.7126583],[-95.4054611,29.7128227],[-95.4055771,29.7128595],[-95.4056462,29.7126951]]]]},"properties":{"building":"yes","source":"microsoft/BuildingFootprints"}},
{"type":"Feature","geometry":{"type":"MultiPolygon","coordinates":[[[[-95.4052911,29.7125045],[-95.4052179,29.7124811],[-95.4051866,29.712555],[-95.4052598,29.7125784],[-95.4052911,29.7125045]]]]},"properties":{"building":"yes","source":"microsoft/BuildingFootprints"}},
{"type":"Feature","geometry":{"type":"MultiPolygon","coordinates":[[[[-95.405085,29.7123396],[-95.4049939,29.7123202],[-95.4049768,29.7123809],[-95.4050678,29.7124003],[-95.405085,29.7123396]]]]},"properties":{"building":"yes","source":"microsoft/BuildingFootprints"}},
{"type":"Feature","geometry":{"type":"MultiPolygon","coordinates":[[[[-95.4041198,29.7118067],[-95.4040025,29.7117624],[-95.4038822,29.7120025],[-95.4039994,29.7120469],[-95.4041198,29.7118067]]]]},"properties":{"building":"yes","source":"microsoft/BuildingFootprints"}},
{"type":"Feature","geometry":{"type":"MultiPolygon","coordinates":[[[[-95.4057063,29.7126338],[-95.4056036,29.7126025],[-95.4055835,29.7126522],[-95.4056862,29.7126836],[-95.4057063,29.7126338]]]]},"properties":{"building":"yes","source":"microsoft/BuildingFootprints"}},
{"type":"Feature","geometry":{"type":"MultiPolygon","coordinates":[[[[-95.404864,29.7130254],[-95.4047188,29.7129333],[-95.4046869,29.7129713],[-95.404832,29.7130634],[-95.404864,29.7130254]]]]},"properties":{"building":"yes","source":"microsoft/BuildingFootprints"}},
{"type":"Feature","geometry":{"type":"MultiPolygon","coordinates":[[[[-95.3996872,29.7179797],[-95.3995906,29.7177998],[-95.3993305,29.7179098],[-95.3993507,29.7179496],[-95.3994594,29.7179063],[-95.3995589,29.7178658],[-95.3996343,29.718003],[-95.3996872,29.7179797]]]]},"properties":{"building":"yes"}},
{"type":"Feature","geometry":{"type":"MultiPolygon","coordinates":[[[[-95.402772,29.7189393],[-95.4026885,29.7187792],[-95.4026841,29.718781],[-95.4026216,29.7186609],[-95.4024603,29.7187243],[-95.4025138,29.718827],[-95.4023688,29.718884],[-95.4023153,29.7187814],[-95.4022837,29.7187939],[-95.4024689,29.7191491],[-95.4024773,29.7191458],[-95.4025011,29.7191916],[-95.4025244,29.7191824],[-95.4024613,29.7190614],[-95.4026076,29.7190044],[-95.4027432,29.7189501],[-95.402772,29.7189393]],[[-95.4025611,29.7189907],[-95.4024521,29.7190352],[-95.4023828,29.718907],[-95.4024918,29.7188625],[-95.4025611,29.7189907]]]]},"properties":{"building":"yes"}},
{"type":"Feature","geometry":{"type":"MultiPolygon","coordinates":[[[[-95.4028717,29.7158656],[-95.4027281,29.7155885],[-95.4022503,29.715771],[-95.402059,29.7158441],[-95.4019769,29.7158754],[-95.4021183,29.716161],[-95.4028717,29.7158656]],[[-95.4026972,29.7158304],[-95.4021581,29.7160343],[-95.4021332,29.7159894],[-95.402211,29.7159795],[-95.4021909,29.7159399],[-95.4021205,29.7159656],[-95.4021044,29.7159347],[-95.4026469,29.7157245],[-95.4026522,29.7157373],[-95.4025966,29.7157745],[-95.4026203,29.7158017],[-95.4026402,29.7158246],[-95.4026911,29.7158147],[-95.4026972,29.7158304]]]]},"properties":{"building":"university","building:levels":"4","layer":"1","name":"Kraft Hall","official_name":"Kraft Hall for Social Sciences","roof:shape":"flat","wikimedia_commons":"File:Kraft_Hall_Main_Entrance.jpg"}},
{"type":"Feature","geometry":{"type":"MultiPolygon","coordinates":[[[[-95.4000917,29.7186183],[-95.4000566,29.7185499],[-95.399987,29.718576],[-95.4000039,29.7186091],[-95.3998631,29.7186626],[-95.3998308,29.7186748],[-95.3998499,29.718712],[-95.4000917,29.7186183]]]]},"properties":{"building":"yes","layer":"1"}},
{"type":"Feature","geometry":{"type":"MultiPolygon","coordinates":[[[[-95.3951494,29.7161562],[-95.3951474,29.7161326],[-95.3951368,29.7161107],[-95.3951187,29.716093],[-95.395095,29.7160813],[-95.3950682,29.7160768],[-95.3950407,29.7160802],[-95.395016,29.7160912],[-95.3949968,29.7161086],[-95.3949852,29.7161306],[-95.3949825,29.7161546],[-95.3949891,29.7161781],[-95.3950041,29.7161984],[-95.395026,29.7162133],[-95.3950522,29.7162212],[-95.39508,29.7162211],[-95.3951058,29.7162134],[-95.3951274,29.7161989],[-95.3951424,29.7161791],[-95.3951494,29.7161562]]]]},"properties":{"building":"yes"}},
{"type":"Feature","geometry":{"type":"MultiPolygon","coordinates":[[[[-95.3943427,29.7159479],[-95.3943287,29.7158842],[-95.3941867,29.7159077],[-95.3942007,29.7159715],[-95.3943427,29.7159479]]]]},"properties":{"amenity":"shelter","building":"yes","name":"Cullen Pavillion","operator":"Hermann Park Conservancy","operator:wikidata":"Q54834505","shelter_type":"picnic_shelter"}},
{"type":"Feature","geometry":{"type":"MultiPolygon","coordinates":[[[[-95.394281,29.7166485],[-95.3942716,29.7166183],[-95.3942514,29.7165924],[-95.3942226,29.7165737],[-95.3941886,29.7165642],[-95.394153,29.7165647],[-95.3941195,29.7165753],[-95.3940917,29.7165947],[-95.3940726,29.7166208],[-95.3940642,29.7166509],[-95.3940676,29.7166818],[-95.3940822,29.71671],[-95.3941066,29.7167326],[-95.394138,29.7167472],[-95.3941732,29.7167521],[-95.3942087,29.7167468],[-95.3942403,29.7167317],[-95.3942644,29.7167085],[-95.3942785,29.7166797],[-95.394281,29.7166485]]]]},"properties":{"building":"yes","name":"Lott Family Carousel","operator":"Hermann Park Conservancy","operator:wikidata":"Q54834505","playground":"roundabout","weather_protection":"roof","wikidata":"Q136308190"}},
{"type":"Feature","geometry":{"type":"MultiPolygon","coordinates":[[[[-95.3942859,29.7146393],[-95.3935362,29.7144024],[-95.3934038,29.7147184],[-95.3941535,29.7149554],[-95.3942859,29.7146393]]]]},"properties":{"building":"yes"}},
{"type":"Feature","geometry":{"type":"MultiPolygon","coordinates":[[[[-95.4006876,29.7216108],[-95.4006487,29.7215415],[-95.4004346,29.721632],[-95.4004735,29.7217014],[-95.4006876,29.7216108]]]]},"properties":{"building":"yes","source":"microsoft/BuildingFootprints"}},
{"type":"Feature","geometry":{"type":"MultiPolygon","coordinates":[[[[-95.4004025,29.7217372],[-95.4003753,29.7216808],[-95.4002141,29.7217395],[-95.4002413,29.7217959],[-95.4004025,29.7217372]]]]},"properties":{"building":"yes","source":"microsoft/BuildingFootprints"}},
{"type":"Feature","geometry":{"type":"MultiPolygon","coordinates":[[[[-95.4001588,29.7218054],[-95.400051,29.721607],[-95.399644,29.7217738],[-95.3997519,29.7219723],[-95.4001588,29.7218054]]]]},"properties":{"building":"yes"}},
{"type":"Feature","geometry":{"type":"MultiPolygon","coordinates":[[[[-95.4059817,29.7215474],[-95.4058709,29.7213271],[-95.4057991,29.7213543],[-95.4058338,29.7214234],[-95.4057669,29.7214487],[-95.405843,29.7216],[-95.4059817,29.7215474]]]]},"properties":{"building":"house"}},
{"type":"Feature","geometry":{"type":"MultiPolygon","coordinates":[[[[-95.4057696,29.7207096],[-95.4056619,29.7204914],[-95.4055801,29.7205218],[-95.4056219,29.7206066],[-95.405563,29.7206285],[-95.4056289,29.720762],[-95.4057696,29.7207096]]]]},"properties":{"building":"house"}},
{"type":"Feature","geometry":{"type":"MultiPolygon","coordinates":[[[[-95.4056467,29.7202013],[-95.4056145,29.7201383],[-95.4054292,29.7202098],[-95.4054654,29.7202805],[-95.4055164,29.7202609],[-95.4055488,29.7203244],[-95.4056271,29.7202943],[-95.4055906,29.7202229],[-95.4056467,29.7202013]]]]},"properties":{"building":"house"}},
{"type":"Feature","geometry":{"type":"MultiPolygon","coordinates":[[[[-95.3940595,29.7174467],[-95.3940021,29.7172795],[-95.3939013,29.7173062],[-95.3939438,29.7174268],[-95.3939603,29.7174737],[-95.3940292,29.7174545],[-95.3940595,29.7174467]]]]},"properties":{"access":"yes","amenity":"toilets","building":"yes","check_date":"2026-01-17","level":"0","toilets:disposal":"flush","wheelchair":"yes"}},
{"type":"Feature","geometry":{"type":"MultiPolygon","coordinates":[[[[-95.3949614,29.7164539],[-95.3949122,29.7164247],[-95.3947195,29.7166652],[-95.394771,29.7166958],[-95.3949614,29.7164539]]]]},"properties":{"building":"yes"}},
{"type":"Feature","geometry":{"type":"MultiPolygon","coordinates":[[[[-95.4004933,29.7165136],[-95.4004298,29.7163919],[-95.4003412,29.7164282],[-95.400198,29.7164832],[-95.4001357,29.716508],[-95.4001975,29.716625],[-95.4002593,29.7166019],[-95.4002942,29.7166695],[-95.4004421,29.7166128],[-95.4004063,29.7165469],[-95.4004933,29.7165136]]]]},"properties":{"building":"house","building:levels":"2","name":"Hanszen College Magisters' House"}},
{"type":"Feature","geometry":{"type":"MultiPolygon","coordinates":[[[[-95.3960407,29.712754],[-95.3957363,29.712569],[-95.3956917,29.7126271],[-95.3956474,29.7126847],[-95.39572,29.7127305],[-95.3957814,29.7127671],[-95.3957613,29.7127925],[-95.3958129,29.7128232],[-95.3958403,29.7128396],[-95.3958755,29.7128625],[-95.3958888,29.7128453],[-95.3959441,29.7128775],[-95.3959962,29.7128109],[-95.3960407,29.712754]]]]},"properties":{"building":"yes"}},
{"type":"Feature","geometry":{"type":"MultiPolygon","coordinates":[[[[-95.3956116,29.7145169],[-95.3955781,29.714497],[-95.3955448,29.714539],[-95.3955254,29.7145419],[-95.3954554,29.7144999],[-95.3953908,29.714461],[-95.3953177,29.714416],[-95.3952785,29.7143919],[-95.3952737,29.7143736],[-95.3954097,29.7142008],[-95.3954409,29.7141609],[-95.3954362,29.714158],[-95.3954968,29.7140804],[-95.3954764,29.7140684],[-95.3954381,29.7140727],[-95.3953861,29.7141394],[-95.3953615,29.7141249],[-95.3953362,29.7141573],[-95.3953632,29.7141733],[-95.3952191,29.7143618],[-95.3952318,29.7144183],[-95.3952888,29.7144529],[-95.3955123,29.7145889],[-95.3955613,29.7145806],[-95.3956116,29.7145169]]]]},"properties":{"building":"yes"}},
{"type":"Feature","geometry":{"type":"MultiPolygon","coordinates":[[[[-95.397333,29.7145475],[-95.3969889,29.7143398],[-95.3969525,29.7143178],[-95.3968297,29.7142442],[-95.3967942,29.7142904],[-95.396781,29.714282],[-95.3967238,29.7142454],[-95.396662,29.7142053],[-95.3967719,29.7140774],[-95.3967002,29.7140325],[-95.3966292,29.7141215],[-95.3966072,29.7141082],[-95.3965683,29.714084],[-95.3965164,29.7141482],[-95.3964828,29.7141275],[-95.3964676,29.7141462],[-95.3963802,29.7140935],[-95.3964599,29.7139918],[-95.3965994,29.7140702],[-95.3966821,29.7139689],[-95.3968335,29.7140652],[-95.3968588,29.7140345],[-95.3969701,29.7138985],[-95.3970055,29.7138553],[-95.3970183,29.7138627],[-95.3970559,29.7138138],[-95.3970661,29.7138198],[-95.3971508,29.7138706],[-95.3972428,29.7137531],[-95.3972799,29.7137048],[-95.3971653,29.7136382],[-95.3970088,29.7135472],[-95.3965963,29.7132971],[-95.3965167,29.7132489],[-95.3964491,29.7132077],[-95.3964605,29.7131942],[-95.3964003,29.7131583],[-95.3963914,29.713171],[-95.3962914,29.7131096],[-95.3963074,29.7130853],[-95.3962441,29.7130481],[-95.3962276,29.7130694],[-95.3961768,29.7130386],[-95.3961489,29.7130203],[-95.3961275,29.7130352],[-95.3961068,29.7130357],[-95.3960533,29.713002],[-95.3960588,29.7129854],[-95.396057,29.7129632],[-95.3960472,29.7129447],[-95.396033,29.7129277],[-95.3960171,29.7129128],[-95.3959981,29.712901],[-95.3959735,29.7128925],[-95.3959501,29.7128892],[-95.3959267,29.7128913],[-95.3959076,29.7128991],[-95.395893,29.7129093],[-95.3958446,29.7128815],[-95.3958355,29.7128685],[-95.395835,29.7128526],[-95.3958403,29.7128396],[-95.3958129,29.7128232],[-95.3957613,29.7127925],[-95.3957814,29.7127671],[-95.39572,29.7127305],[-95.3956999,29.712756],[-95.3955928,29.7126905],[-95.3957766,29.7124556],[-95.3954017,29.7122286],[-95.395347,29.7122028],[-95.3952837,29.7121862],[-95.3948529,29.7127361],[-95.3948214,29.7127764],[-95.3947899,29.7127584],[-95.3947346,29.7128303],[-95.3947929,29.7128645],[-95.3945573,29.7131669],[-95.3945112,29.7132226],[-95.3944194,29.7131653],[-95.3943432,29.713261],[-95.3942864,29.7132242],[-95.3941079,29.7134491],[-95.3940543,29.7135165],[-95.3940521,29.7135416],[-95.3941286,29.7136322],[-95.3941102,29.7136548],[-95.3941493,29.7136904],[-95.3944758,29.7139943],[-95.3945227,29.7139361],[-95.394768,29.7140805],[-95.3947784,29.7140673],[-95.3947632,29.7140584],[-95.3952752,29.7134012],[-95.395283,29.7134059],[-95.3953068,29.7133754],[-95.3953113,29.7133688],[-95.3954635,29.713461],[-95.3956176,29.7135542],[-95.3956962,29.7136018],[-95.3957246,29.713619],[-95.3957456,29.7136317],[-95.3957174,29.7136691],[-95.3957283,29.7136758],[-95.3957003,29.7137112],[-95.3957186,29.7137216],[-95.3957752,29.713653],[-95.3962186,29.713913],[-95.3962174,29.7139145],[-95.3961832,29.7139578],[-95.3961796,29.7139632],[-95.39614,29.7139414],[-95.3955598,29.7140385],[-95.3955476,29.7140299],[-95.3955211,29.7140136],[-95.3955133,29.7140232],[-95.3954764,29.7140684],[-95.3954968,29.7140804],[-95.3954362,29.714158],[-95.3954409,29.7141609],[-95.3955356,29.7142204],[-95.3954007,29.7143902],[-95.3954544,29.7144221],[-95.3954468,29.7144316],[-95.3954248,29.7144185],[-95.3953908,29.714461],[-95.3954554,29.7144999],[-95.3954894,29.7144574],[-95.3954712,29.7144465],[-95.3954788,29.714437],[-95.3955267,29.7144656],[-95.3956393,29.7143254],[-95.3956797,29.7143193],[-95.3956923,29.7143799],[-95.3958242,29.7144629],[-95.3960472,29.7144281],[-95.3961467,29.7143007],[-95.3961367,29.7142471],[-95.3961807,29.7142396],[-95.3963414,29.7143352],[-95.3963761,29.7142902],[-95.3963893,29.7142976],[-95.3963729,29.7143182],[-95.3964158,29.7143438],[-95.3964183,29.7143405],[-95.396442,29.7143535],[-95.3964258,29.7143765],[-95.3964964,29.7144168],[-95.3965672,29.7143309],[-95.3966543,29.7143821],[-95.3967512,29.714441],[-95.3968387,29.7143306],[-95.3969045,29.7143688],[-95.3968067,29.7144928],[-95.3968594,29.7145242],[-95.3969578,29.7143996],[-95.3972906,29.7146004],[-95.397333,29.7145475]],[[-95.3964657,29.7142643],[-95.3964521,29.714281],[-95.3964183,29.7142609],[-95.3964044,29.7142784],[-95.3963914,29.7142704],[-95.3964196,29.7142359],[-95.3964657,29.7142643]],[[-95.3964317,29.7141911],[-95.3964164,29.7142089],[-95.3964115,29.7142161],[-95.3963218,29.7141641],[-95.3963424,29.7141372],[-95.3964317,29.7141911]]]]},"properties":{"addr:city":"Houston","addr:housenumber":"6411","addr:postcode":"77030","addr:state":"TX","addr:street":"Fannin Street","amenity":"hospital","beds":"1098","building":"hospital","emergency":"yes","gnis:feature_id":"1337641","healthcare":"hospital","layer":"1","name":"Memorial Hermann-Texas Medical Center","opening_hours":"24/7","phone":"+1 713 704 4000","website":"https://www.memorialhermann.org/locations/texas-medical-center/","wikidata":"Q6815447","wikipedia":"en:Memorial Hermann–Texas Medical Center"}},
{"type":"Feature","geometry":{"type":"MultiPolygon","coordinates":[[[[-95.3999534,29.7146812],[-95.3998765,29.7145377],[-95.3998576,29.7145455],[-95.3995513,29.7146716],[-95.3994881,29.714554],[-95.3991857,29.7146761],[-95.3993418,29.7149739],[-95.3998057,29.7147883],[-95.3997857,29.7147496],[-95.3999534,29.7146812]]]]},"properties":{"building":"dormitory","building:levels":"10","name":"Chao College","owner":"Rice University","roof:shape":"flat","website":"https://chaocollege.rice.edu/"}},
{"type":"Feature","geometry":{"type":"MultiPolygon","coordinates":[[[[-95.3993611,29.7150092],[-95.3993418,29.7149739],[-95.3991857,29.7146761],[-95.3991416,29.7145858],[-95.3990709,29.7146128],[-95.399022,29.7146331],[-95.3990644,29.7147222],[-95.3990154,29.7147443],[-95.3991826,29.7150773],[-95.3993611,29.7150092]]]]},"properties":{"amenity":"food_court","building":"yes","diet:dairy_free":"yes","diet:gluten_free":"yes","diet:halal":"yes","diet:lactose_free":"yes","diet:pescetarian":"yes","diet:plant-based":"yes","diet:plant_based":"yes","diet:vegetarian":"yes","name":"South Main Servery","owner":"Rice University","website":"https://dining.rice.edu/south-main","website:menu":"https://dining.rice.edu/south-main#menu"}},
{"type":"Feature","geometry":{"type":"MultiPolygon","coordinates":[[[[-95.3991826,29.7150773],[-95.3990154,29.7147443],[-95.3987835,29.7148331],[-95.3988013,29.7148733],[-95.398761,29.7148915],[-95.3987814,29.714934],[-95.3985165,29.7150403],[-95.3986721,29.7153318],[-95.3989542,29.7152228],[-95.3989257,29.7151753],[-95.3991826,29.7150773]]]]},"properties":{"alt_name":"The Brick","building":"dormitory","building:levels":"11","name":"Lovett College","official_name":"Edgar Odell Lovett College","owner":"Rice University","website":"https://lovett.rice.edu/"}},
{"type":"Feature","geometry":{"type":"MultiPolygon","coordinates":[[[[-95.4017627,29.714228],[-95.4016519,29.714225],[-95.4016521,29.7143101],[-95.4017601,29.714315],[-95.4017627,29.714228]]]]},"properties":{"building":"university","building:levels":"1","name":"Johnson Owl Deck","owner":"Rice University","roof:shape":"flat"}},
{"type":"Feature","geometry":{"type":"MultiPolygon","coordinates":[[[[-95.4061086,29.7134888],[-95.4052793,29.7132141],[-95.4051129,29.7136076],[-95.4057204,29.7138114],[-95.4059374,29.7138833],[-95.4059513,29.7138514],[-95.4060075,29.7137217],[-95.4060576,29.7136063],[-95.4061086,29.7134888]]]]},"properties":{"building":"university","building:levels":"3","name":"Sarofim Hall","owner":"Rice University"}},
{"type":"Feature","geometry":{"type":"MultiPolygon","coordinates":[[[[-95.4073185,29.713803],[-95.4071736,29.7137547],[-95.4070848,29.7139681],[-95.407228,29.7140165],[-95.4072456,29.7139731],[-95.407296,29.7138557],[-95.4073185,29.713803]]]]},"properties":{"building":"university","building:levels":"2","name":"Delivery Services and Parking"}},
{"type":"Feature","geometry":{"type":"MultiPolygon","coordinates":[[[[-95.400703,29.7159398],[-95.4006503,29.7158292],[-95.4006328,29.715836],[-95.4005198,29.7158798],[-95.4005075,29.7158846],[-95.4004926,29.7158899],[-95.4000027,29.7160845],[-95.4000589,29.7161815],[-95.4005898,29.7159806],[-95.4005976,29.7159952],[-95.4006692,29.7159655],[-95.4006687,29.7159509],[-95.400703,29.7159398]]]]},"properties":{"building":"dormitory","layer":"1","name":"Hanszen Old Wing"}},
{"type":"Feature","geometry":{"type":"MultiPolygon","coordinates":[[[[-95.4005455,29.7154372],[-95.4005016,29.7153569],[-95.400309,29.7154305],[-95.399771,29.7156413],[-95.399813,29.7157185],[-95.3997785,29.7157294],[-95.3998099,29.7157889],[-95.3998413,29.7157778],[-95.4002751,29.7156089],[-95.4003328,29.7155864],[-95.4003716,29.7155712],[-95.4004095,29.7155551],[-95.4003819,29.7155013],[-95.4005455,29.7154372]]]]},"properties":{"building":"dormitory","layer":"1","name":"Hanszen New Wing"}},
{"type":"Feature","geometry":{"type":"MultiPolygon","coordinates":[[[[-95.4080294,29.714111],[-95.4078477,29.7140532],[-95.4078406,29.7140701],[-95.4078212,29.714116],[-95.4079033,29.7141421],[-95.4079209,29.7141477],[-95.4079457,29.7141556],[-95.4080028,29.7141738],[-95.4080294,29.714111]]]]},"properties":{"building":"university","name":"MOD2"}},
{"type":"Feature","geometry":{"type":"MultiPolygon","coordinates":[[[[-95.4078083,29.71406],[-95.4077381,29.7140378],[-95.4076687,29.7142029],[-95.4077389,29.7142251],[-95.4077698,29.7141516],[-95.4077757,29.7141378],[-95.4077891,29.7141059],[-95.4078083,29.71406]]]]},"properties":{"building":"university","name":"MOD3","office":"yes"}},
{"type":"Feature","geometry":{"type":"MultiPolygon","coordinates":[[[[-95.407717,29.7142788],[-95.4076463,29.714256],[-95.4075788,29.7144136],[-95.4076495,29.7144364],[-95.407676,29.7143746],[-95.4076842,29.7143553],[-95.407717,29.7142788]]]]},"properties":{"building":"university","education":"yes","name":"MOD4"}},
{"type":"Feature","geometry":{"type":"MultiPolygon","coordinates":[[[[-95.407873,29.7144807],[-95.4078115,29.7144609],[-95.4077844,29.7144522],[-95.4077656,29.7144461],[-95.4076883,29.7144212],[-95.4076612,29.7144847],[-95.4078459,29.7145442],[-95.407873,29.7144807]]]]},"properties":{"building":"university","name":"MOD6"}},
{"type":"Feature","geometry":{"type":"MultiPolygon","coordinates":[[[[-95.4079107,29.7143911],[-95.4078501,29.714372],[-95.4078119,29.71436],[-95.4077961,29.714355],[-95.4077256,29.7143328],[-95.4076993,29.7143957],[-95.4078231,29.7144347],[-95.4078841,29.714454],[-95.4079107,29.7143911]]]]},"properties":{"building":"university","name":"MOD5"}},
{"type":"Feature","geometry":{"type":"MultiPolygon","coordinates":[[[[-95.4079115,29.7141712],[-95.4078393,29.714148],[-95.4078109,29.7142146],[-95.4077703,29.7143099],[-95.4078425,29.7143331],[-95.4079115,29.7141712]]]]},"properties":{"building":"university","name":"MOD1","office":"yes"}},
{"type":"Feature","geometry":{"type":"MultiPolygon","coordinates":[[[[-95.4048278,29.7171802],[-95.4045544,29.7166492],[-95.4041976,29.7167893],[-95.4038222,29.7169366],[-95.4037642,29.7169594],[-95.4037512,29.716935],[-95.4036099,29.7169907],[-95.4035176,29.7170271],[-95.4034896,29.7170377],[-95.4035048,29.7170609],[-95.4035841,29.7172196],[-95.4033188,29.7173229],[-95.4032068,29.7173665],[-95.4032819,29.7175179],[-95.4036547,29.7173688],[-95.4035957,29.7172524],[-95.4043216,29.7169657],[-95.4043882,29.717101],[-95.4042761,29.7171468],[-95.4043852,29.7173562],[-95.4048278,29.7171802]]]]},"properties":{"building":"university","layer":"1","name":"Asha and Farid Virani Hall"}},
{"type":"Feature","geometry":{"type":"MultiPolygon","coordinates":[[[[-95.4018546,29.7163274],[-95.4017349,29.7160974],[-95.4014496,29.7162093],[-95.4015713,29.7164398],[-95.4018546,29.7163274]]]]},"properties":{"building":"university","name":"Solar Studios"}},
{"type":"Feature","geometry":{"type":"MultiPolygon","coordinates":[[[[-95.4006013,29.7167831],[-95.4005805,29.7167448],[-95.4005554,29.7166984],[-95.4004742,29.7167316],[-95.4005201,29.7168163],[-95.4006013,29.7167831]]]]},"properties":{"building":"university","name":"Rice Bikes"}},
{"type":"Feature","geometry":{"type":"MultiPolygon","coordinates":[[[[-95.3995661,29.71639],[-95.3995101,29.7162848],[-95.3995412,29.7162723],[-95.399383,29.7159781],[-95.3993668,29.715984],[-95.3992865,29.7158275],[-95.3986987,29.7160608],[-95.3987803,29.716214],[-95.3987845,29.7162219],[-95.3989432,29.716519],[-95.3989332,29.716523],[-95.3989441,29.7165428],[-95.398994,29.7166334],[-95.3991642,29.7165641],[-95.3991702,29.7165761],[-95.3992505,29.7165444],[-95.3992444,29.7165316],[-95.3994717,29.7164413],[-95.3994664,29.7164309],[-95.3995661,29.71639]]],[[[-95.398897,29.7165313],[-95.3987301,29.7162177],[-95.3986496,29.716249],[-95.3986058,29.716266],[-95.3985352,29.7162947],[-95.3987027,29.716607],[-95.398897,29.7165313]]]]},"properties":{"addr:city":"Houston","addr:housenumber":"6330","addr:postcode":"77005","addr:state":"TX","addr:street":"Main Street","building":"university","layer":"1","name":"Will Rice College"}},
{"type":"Feature","geometry":{"type":"MultiPolygon","coordinates":[[[[-95.39826,29.7167276],[-95.3980521,29.7163387],[-95.3980395,29.7163146],[-95.3980072,29.7163273],[-95.3978715,29.7163811],[-95.3980923,29.7167929],[-95.39826,29.7167276]]]]},"properties":{"building":"dormitory","name":"Main Street Residences"}},
{"type":"Feature","geometry":{"type":"MultiPolygon","coordinates":[[[[-95.3998413,29.7157778],[-95.4000027,29.7160845],[-95.4000589,29.7161815],[-95.4005898,29.7159806],[-95.4005976,29.7159952],[-95.4006692,29.7159655],[-95.4006687,29.7159509],[-95.400703,29.7159398],[-95.4006503,29.7158292],[-95.4006328,29.715836],[-95.4005198,29.7158798],[-95.4005075,29.7158846],[-95.4004926,29.7158899],[-95.4006704,29.7158209],[-95.4005105,29.7155227],[-95.4005074,29.7155174],[-95.400382,29.715567],[-95.4003716,29.7155712],[-95.4004095,29.7155551],[-95.4003819,29.7155013],[-95.4005455,29.7154372],[-95.4005016,29.7153569],[-95.400309,29.7154305],[-95.399771,29.7156413],[-95.399813,29.7157185],[-95.3997785,29.7157294],[-95.3998099,29.7157889],[-95.3998413,29.7157778]],[[-95.3998413,29.7157778],[-95.4003328,29.7155864],[-95.4002751,29.7156089],[-95.3998413,29.7157778]]]]},"properties":{"addr:city":"Houston","addr:housenumber":"6350","addr:state":"TX","addr:street":"Main Street","building":"university","name":"Hanszen College","official_name":"Harry Clay Hanszen College","source":"USGS Geonames","website":"https://hanszen.rice.edu/"}},
{"type":"Feature","geometry":{"type":"MultiPolygon","coordinates":[[[[-95.3993452,29.7170074],[-95.3992845,29.7168966],[-95.3989035,29.7170514],[-95.3989532,29.7171409],[-95.3989626,29.7171578],[-95.3989895,29.7171482],[-95.399184,29.7170707],[-95.3993452,29.7170074]]]]},"properties":{"building":"university","name":"Baker College Commons"}},
{"type":"Feature","geometry":{"type":"MultiPolygon","coordinates":[[[[-95.3995443,29.7169296],[-95.3994658,29.7167836],[-95.3993688,29.7168222],[-95.3993864,29.7168549],[-95.3992845,29.7168966],[-95.3993452,29.7170074],[-95.3994544,29.7169645],[-95.3995443,29.7169296]]]]},"properties":{"building":"dormitory","name":"Baker College Tower"}},
{"type":"Feature","geometry":{"type":"MultiPolygon","coordinates":[[[[-95.399542,29.7171317],[-95.3994544,29.7169645],[-95.3993452,29.7170074],[-95.399184,29.7170707],[-95.3991897,29.7170819],[-95.3992742,29.7172357],[-95.399542,29.7171317]]]]},"properties":{"amenity":"fast_food","building":"university","fast_food":"cafeteria","name":"Baker Kitchen"}},
{"type":"Feature","geometry":{"type":"MultiPolygon","coordinates":[[[[-95.3996978,29.7171733],[-95.3996518,29.7170862],[-95.399542,29.7171317],[-95.3992742,29.7172357],[-95.3989829,29.7173527],[-95.3990288,29.7174397],[-95.3996978,29.7171733]]]]},"properties":{"building":"dormitory","name":"Baker New New"}},
{"type":"Feature","geometry":{"type":"MultiPolygon","coordinates":[[[[-95.399034,29.7172315],[-95.3989954,29.7171592],[-95.3989895,29.7171482],[-95.3989626,29.7171578],[-95.3989532,29.7171409],[-95.3985719,29.7172917],[-95.398562,29.7172755],[-95.3984355,29.7173287],[-95.3985041,29.717453],[-95.3986247,29.7174048],[-95.3986224,29.7173964],[-95.399034,29.7172315]]]]},"properties":{"building":"dormitory","name":"Baker Old"}},
{"type":"Feature","geometry":{"type":"MultiPolygon","coordinates":[[[[-95.3989021,29.7170781],[-95.3988901,29.717056],[-95.3987542,29.7167994],[-95.3986564,29.7168386],[-95.3988043,29.7171173],[-95.3989021,29.7170781]]]]},"properties":{"building":"dormitory","name":"Baker Fourth and Fifth"}},
{"type":"Feature","geometry":{"type":"MultiPolygon","coordinates":[[[[-95.3989003,29.7191865],[-95.3988347,29.7190636],[-95.398668,29.7191293],[-95.39822,29.7193034],[-95.3981887,29.7193154],[-95.3980812,29.719357],[-95.3980246,29.7193789],[-95.3980391,29.7194072],[-95.3982032,29.7193437],[-95.3982549,29.7194413],[-95.398323,29.7194142],[-95.3983717,29.7195063],[-95.3983773,29.7195169],[-95.3982151,29.7195815],[-95.3982902,29.7197237],[-95.398629,29.7195887],[-95.398558,29.7194545],[-95.3984866,29.7194829],[-95.3984292,29.7193742],[-95.3989003,29.7191865]]]]},"properties":{"building":"yes;university","name":"Herzstein Hall","owner":"Rice University","roof:shape":"hipped"}}
]}
